image_path,ex_mask,he_mask,ma_mask,se_mask
data/processed/ddr_seg_1024/007-1774-100.jpg,data/processed/ddr_seg_1024/007-1774-100_EX.png,data/processed/ddr_seg_1024/007-1774-100_HE.png,data/processed/ddr_seg_1024/007-1774-100_MA.png,data/processed/ddr_seg_1024/007-1774-100_SE.png
data/processed/ddr_seg_1024/007-1782-100.jpg,data/processed/ddr_seg_1024/007-1782-100_EX.png,data/processed/ddr_seg_1024/007-1782-100_HE.png,data/processed/ddr_seg_1024/007-1782-100_MA.png,data/processed/ddr_seg_1024/007-1782-100_SE.png
data/processed/ddr_seg_1024/007-1811-100.jpg,data/processed/ddr_seg_1024/007-1811-100_EX.png,data/processed/ddr_seg_1024/007-1811-100_HE.png,data/processed/ddr_seg_1024/007-1811-100_MA.png,data/processed/ddr_seg_1024/007-1811-100_SE.png
data/processed/ddr_seg_1024/007-1819-100.jpg,data/processed/ddr_seg_1024/007-1819-100_EX.png,data/processed/ddr_seg_1024/007-1819-100_HE.png,data/processed/ddr_seg_1024/007-1819-100_MA.png,data/processed/ddr_seg_1024/007-1819-100_SE.png
data/processed/ddr_seg_1024/007-1824-100.jpg,data/processed/ddr_seg_1024/007-1824-100_EX.png,data/processed/ddr_seg_1024/007-1824-100_HE.png,data/processed/ddr_seg_1024/007-1824-100_MA.png,data/processed/ddr_seg_1024/007-1824-100_SE.png
data/processed/ddr_seg_1024/007-1829-100.jpg,data/processed/ddr_seg_1024/007-1829-100_EX.png,data/processed/ddr_seg_1024/007-1829-100_HE.png,data/processed/ddr_seg_1024/007-1829-100_MA.png,data/processed/ddr_seg_1024/007-1829-100_SE.png
data/processed/ddr_seg_1024/007-1831-100.jpg,data/processed/ddr_seg_1024/007-1831-100_EX.png,data/processed/ddr_seg_1024/007-1831-100_HE.png,data/processed/ddr_seg_1024/007-1831-100_MA.png,data/processed/ddr_seg_1024/007-1831-100_SE.png
data/processed/ddr_seg_1024/007-1889-100.jpg,data/processed/ddr_seg_1024/007-1889-100_EX.png,data/processed/ddr_seg_1024/007-1889-100_HE.png,data/processed/ddr_seg_1024/007-1889-100_MA.png,data/processed/ddr_seg_1024/007-1889-100_SE.png
data/processed/ddr_seg_1024/007-1894-100.jpg,data/processed/ddr_seg_1024/007-1894-100_EX.png,data/processed/ddr_seg_1024/007-1894-100_HE.png,data/processed/ddr_seg_1024/007-1894-100_MA.png,data/processed/ddr_seg_1024/007-1894-100_SE.png
data/processed/ddr_seg_1024/007-1900-100.jpg,data/processed/ddr_seg_1024/007-1900-100_EX.png,data/processed/ddr_seg_1024/007-1900-100_HE.png,data/processed/ddr_seg_1024/007-1900-100_MA.png,data/processed/ddr_seg_1024/007-1900-100_SE.png
data/processed/ddr_seg_1024/007-1909-100.jpg,data/processed/ddr_seg_1024/007-1909-100_EX.png,data/processed/ddr_seg_1024/007-1909-100_HE.png,data/processed/ddr_seg_1024/007-1909-100_MA.png,data/processed/ddr_seg_1024/007-1909-100_SE.png
data/processed/ddr_seg_1024/007-1921-100.jpg,data/processed/ddr_seg_1024/007-1921-100_EX.png,data/processed/ddr_seg_1024/007-1921-100_HE.png,data/processed/ddr_seg_1024/007-1921-100_MA.png,data/processed/ddr_seg_1024/007-1921-100_SE.png
data/processed/ddr_seg_1024/007-1946-100.jpg,data/processed/ddr_seg_1024/007-1946-100_EX.png,data/processed/ddr_seg_1024/007-1946-100_HE.png,data/processed/ddr_seg_1024/007-1946-100_MA.png,data/processed/ddr_seg_1024/007-1946-100_SE.png
data/processed/ddr_seg_1024/007-1971-100.jpg,data/processed/ddr_seg_1024/007-1971-100_EX.png,data/processed/ddr_seg_1024/007-1971-100_HE.png,data/processed/ddr_seg_1024/007-1971-100_MA.png,data/processed/ddr_seg_1024/007-1971-100_SE.png
data/processed/ddr_seg_1024/007-1974-100.jpg,data/processed/ddr_seg_1024/007-1974-100_EX.png,data/processed/ddr_seg_1024/007-1974-100_HE.png,data/processed/ddr_seg_1024/007-1974-100_MA.png,data/processed/ddr_seg_1024/007-1974-100_SE.png
data/processed/ddr_seg_1024/007-1975-100.jpg,data/processed/ddr_seg_1024/007-1975-100_EX.png,data/processed/ddr_seg_1024/007-1975-100_HE.png,data/processed/ddr_seg_1024/007-1975-100_MA.png,data/processed/ddr_seg_1024/007-1975-100_SE.png
data/processed/ddr_seg_1024/007-1977-100.jpg,data/processed/ddr_seg_1024/007-1977-100_EX.png,data/processed/ddr_seg_1024/007-1977-100_HE.png,data/processed/ddr_seg_1024/007-1977-100_MA.png,data/processed/ddr_seg_1024/007-1977-100_SE.png
data/processed/ddr_seg_1024/007-2057-100.jpg,data/processed/ddr_seg_1024/007-2057-100_EX.png,data/processed/ddr_seg_1024/007-2057-100_HE.png,data/processed/ddr_seg_1024/007-2057-100_MA.png,data/processed/ddr_seg_1024/007-2057-100_SE.png
data/processed/ddr_seg_1024/007-2067-100.jpg,data/processed/ddr_seg_1024/007-2067-100_EX.png,data/processed/ddr_seg_1024/007-2067-100_HE.png,data/processed/ddr_seg_1024/007-2067-100_MA.png,data/processed/ddr_seg_1024/007-2067-100_SE.png
data/processed/ddr_seg_1024/007-2068-100.jpg,data/processed/ddr_seg_1024/007-2068-100_EX.png,data/processed/ddr_seg_1024/007-2068-100_HE.png,data/processed/ddr_seg_1024/007-2068-100_MA.png,data/processed/ddr_seg_1024/007-2068-100_SE.png
data/processed/ddr_seg_1024/007-2079-100.jpg,data/processed/ddr_seg_1024/007-2079-100_EX.png,data/processed/ddr_seg_1024/007-2079-100_HE.png,data/processed/ddr_seg_1024/007-2079-100_MA.png,data/processed/ddr_seg_1024/007-2079-100_SE.png
data/processed/ddr_seg_1024/007-2110-100.jpg,data/processed/ddr_seg_1024/007-2110-100_EX.png,data/processed/ddr_seg_1024/007-2110-100_HE.png,data/processed/ddr_seg_1024/007-2110-100_MA.png,data/processed/ddr_seg_1024/007-2110-100_SE.png
data/processed/ddr_seg_1024/007-2112-100.jpg,data/processed/ddr_seg_1024/007-2112-100_EX.png,data/processed/ddr_seg_1024/007-2112-100_HE.png,data/processed/ddr_seg_1024/007-2112-100_MA.png,data/processed/ddr_seg_1024/007-2112-100_SE.png
data/processed/ddr_seg_1024/007-2125-100.jpg,data/processed/ddr_seg_1024/007-2125-100_EX.png,data/processed/ddr_seg_1024/007-2125-100_HE.png,data/processed/ddr_seg_1024/007-2125-100_MA.png,data/processed/ddr_seg_1024/007-2125-100_SE.png
data/processed/ddr_seg_1024/007-2126-100.jpg,data/processed/ddr_seg_1024/007-2126-100_EX.png,data/processed/ddr_seg_1024/007-2126-100_HE.png,data/processed/ddr_seg_1024/007-2126-100_MA.png,data/processed/ddr_seg_1024/007-2126-100_SE.png
data/processed/ddr_seg_1024/007-2127-100.jpg,data/processed/ddr_seg_1024/007-2127-100_EX.png,data/processed/ddr_seg_1024/007-2127-100_HE.png,data/processed/ddr_seg_1024/007-2127-100_MA.png,data/processed/ddr_seg_1024/007-2127-100_SE.png
data/processed/ddr_seg_1024/007-2151-100.jpg,data/processed/ddr_seg_1024/007-2151-100_EX.png,data/processed/ddr_seg_1024/007-2151-100_HE.png,data/processed/ddr_seg_1024/007-2151-100_MA.png,data/processed/ddr_seg_1024/007-2151-100_SE.png
data/processed/ddr_seg_1024/007-2155-100.jpg,data/processed/ddr_seg_1024/007-2155-100_EX.png,data/processed/ddr_seg_1024/007-2155-100_HE.png,data/processed/ddr_seg_1024/007-2155-100_MA.png,data/processed/ddr_seg_1024/007-2155-100_SE.png
data/processed/ddr_seg_1024/007-2160-100.jpg,data/processed/ddr_seg_1024/007-2160-100_EX.png,data/processed/ddr_seg_1024/007-2160-100_HE.png,data/processed/ddr_seg_1024/007-2160-100_MA.png,data/processed/ddr_seg_1024/007-2160-100_SE.png
data/processed/ddr_seg_1024/007-2167-100.jpg,data/processed/ddr_seg_1024/007-2167-100_EX.png,data/processed/ddr_seg_1024/007-2167-100_HE.png,data/processed/ddr_seg_1024/007-2167-100_MA.png,data/processed/ddr_seg_1024/007-2167-100_SE.png
data/processed/ddr_seg_1024/007-2181-100.jpg,data/processed/ddr_seg_1024/007-2181-100_EX.png,data/processed/ddr_seg_1024/007-2181-100_HE.png,data/processed/ddr_seg_1024/007-2181-100_MA.png,data/processed/ddr_seg_1024/007-2181-100_SE.png
data/processed/ddr_seg_1024/007-2200-100.jpg,data/processed/ddr_seg_1024/007-2200-100_EX.png,data/processed/ddr_seg_1024/007-2200-100_HE.png,data/processed/ddr_seg_1024/007-2200-100_MA.png,data/processed/ddr_seg_1024/007-2200-100_SE.png
data/processed/ddr_seg_1024/007-2210-100.jpg,data/processed/ddr_seg_1024/007-2210-100_EX.png,data/processed/ddr_seg_1024/007-2210-100_HE.png,data/processed/ddr_seg_1024/007-2210-100_MA.png,data/processed/ddr_seg_1024/007-2210-100_SE.png
data/processed/ddr_seg_1024/007-2214-100.jpg,data/processed/ddr_seg_1024/007-2214-100_EX.png,data/processed/ddr_seg_1024/007-2214-100_HE.png,data/processed/ddr_seg_1024/007-2214-100_MA.png,data/processed/ddr_seg_1024/007-2214-100_SE.png
data/processed/ddr_seg_1024/007-2218-100.jpg,data/processed/ddr_seg_1024/007-2218-100_EX.png,data/processed/ddr_seg_1024/007-2218-100_HE.png,data/processed/ddr_seg_1024/007-2218-100_MA.png,data/processed/ddr_seg_1024/007-2218-100_SE.png
data/processed/ddr_seg_1024/007-2228-100.jpg,data/processed/ddr_seg_1024/007-2228-100_EX.png,data/processed/ddr_seg_1024/007-2228-100_HE.png,data/processed/ddr_seg_1024/007-2228-100_MA.png,data/processed/ddr_seg_1024/007-2228-100_SE.png
data/processed/ddr_seg_1024/007-2232-100.jpg,data/processed/ddr_seg_1024/007-2232-100_EX.png,data/processed/ddr_seg_1024/007-2232-100_HE.png,data/processed/ddr_seg_1024/007-2232-100_MA.png,data/processed/ddr_seg_1024/007-2232-100_SE.png
data/processed/ddr_seg_1024/007-2234-100.jpg,data/processed/ddr_seg_1024/007-2234-100_EX.png,data/processed/ddr_seg_1024/007-2234-100_HE.png,data/processed/ddr_seg_1024/007-2234-100_MA.png,data/processed/ddr_seg_1024/007-2234-100_SE.png
data/processed/ddr_seg_1024/007-2243-100.jpg,data/processed/ddr_seg_1024/007-2243-100_EX.png,data/processed/ddr_seg_1024/007-2243-100_HE.png,data/processed/ddr_seg_1024/007-2243-100_MA.png,data/processed/ddr_seg_1024/007-2243-100_SE.png
data/processed/ddr_seg_1024/007-2245-100.jpg,data/processed/ddr_seg_1024/007-2245-100_EX.png,data/processed/ddr_seg_1024/007-2245-100_HE.png,data/processed/ddr_seg_1024/007-2245-100_MA.png,data/processed/ddr_seg_1024/007-2245-100_SE.png
data/processed/ddr_seg_1024/007-2252-100.jpg,data/processed/ddr_seg_1024/007-2252-100_EX.png,data/processed/ddr_seg_1024/007-2252-100_HE.png,data/processed/ddr_seg_1024/007-2252-100_MA.png,data/processed/ddr_seg_1024/007-2252-100_SE.png
data/processed/ddr_seg_1024/007-2272-100.jpg,data/processed/ddr_seg_1024/007-2272-100_EX.png,data/processed/ddr_seg_1024/007-2272-100_HE.png,data/processed/ddr_seg_1024/007-2272-100_MA.png,data/processed/ddr_seg_1024/007-2272-100_SE.png
data/processed/ddr_seg_1024/007-2278-100.jpg,data/processed/ddr_seg_1024/007-2278-100_EX.png,data/processed/ddr_seg_1024/007-2278-100_HE.png,data/processed/ddr_seg_1024/007-2278-100_MA.png,data/processed/ddr_seg_1024/007-2278-100_SE.png
data/processed/ddr_seg_1024/007-2279-100.jpg,data/processed/ddr_seg_1024/007-2279-100_EX.png,data/processed/ddr_seg_1024/007-2279-100_HE.png,data/processed/ddr_seg_1024/007-2279-100_MA.png,data/processed/ddr_seg_1024/007-2279-100_SE.png
data/processed/ddr_seg_1024/007-2280-100.jpg,data/processed/ddr_seg_1024/007-2280-100_EX.png,data/processed/ddr_seg_1024/007-2280-100_HE.png,data/processed/ddr_seg_1024/007-2280-100_MA.png,data/processed/ddr_seg_1024/007-2280-100_SE.png
data/processed/ddr_seg_1024/007-2287-100.jpg,data/processed/ddr_seg_1024/007-2287-100_EX.png,data/processed/ddr_seg_1024/007-2287-100_HE.png,data/processed/ddr_seg_1024/007-2287-100_MA.png,data/processed/ddr_seg_1024/007-2287-100_SE.png
data/processed/ddr_seg_1024/007-2288-100.jpg,data/processed/ddr_seg_1024/007-2288-100_EX.png,data/processed/ddr_seg_1024/007-2288-100_HE.png,data/processed/ddr_seg_1024/007-2288-100_MA.png,data/processed/ddr_seg_1024/007-2288-100_SE.png
data/processed/ddr_seg_1024/007-2295-100.jpg,data/processed/ddr_seg_1024/007-2295-100_EX.png,data/processed/ddr_seg_1024/007-2295-100_HE.png,data/processed/ddr_seg_1024/007-2295-100_MA.png,data/processed/ddr_seg_1024/007-2295-100_SE.png
data/processed/ddr_seg_1024/007-2297-100.jpg,data/processed/ddr_seg_1024/007-2297-100_EX.png,data/processed/ddr_seg_1024/007-2297-100_HE.png,data/processed/ddr_seg_1024/007-2297-100_MA.png,data/processed/ddr_seg_1024/007-2297-100_SE.png
data/processed/ddr_seg_1024/007-2300-100.jpg,data/processed/ddr_seg_1024/007-2300-100_EX.png,data/processed/ddr_seg_1024/007-2300-100_HE.png,data/processed/ddr_seg_1024/007-2300-100_MA.png,data/processed/ddr_seg_1024/007-2300-100_SE.png
data/processed/ddr_seg_1024/007-2326-100.jpg,data/processed/ddr_seg_1024/007-2326-100_EX.png,data/processed/ddr_seg_1024/007-2326-100_HE.png,data/processed/ddr_seg_1024/007-2326-100_MA.png,data/processed/ddr_seg_1024/007-2326-100_SE.png
data/processed/ddr_seg_1024/007-2330-100.jpg,data/processed/ddr_seg_1024/007-2330-100_EX.png,data/processed/ddr_seg_1024/007-2330-100_HE.png,data/processed/ddr_seg_1024/007-2330-100_MA.png,data/processed/ddr_seg_1024/007-2330-100_SE.png
data/processed/ddr_seg_1024/007-2335-100.jpg,data/processed/ddr_seg_1024/007-2335-100_EX.png,data/processed/ddr_seg_1024/007-2335-100_HE.png,data/processed/ddr_seg_1024/007-2335-100_MA.png,data/processed/ddr_seg_1024/007-2335-100_SE.png
data/processed/ddr_seg_1024/007-2339-100.jpg,data/processed/ddr_seg_1024/007-2339-100_EX.png,data/processed/ddr_seg_1024/007-2339-100_HE.png,data/processed/ddr_seg_1024/007-2339-100_MA.png,data/processed/ddr_seg_1024/007-2339-100_SE.png
data/processed/ddr_seg_1024/007-2343-100.jpg,data/processed/ddr_seg_1024/007-2343-100_EX.png,data/processed/ddr_seg_1024/007-2343-100_HE.png,data/processed/ddr_seg_1024/007-2343-100_MA.png,data/processed/ddr_seg_1024/007-2343-100_SE.png
data/processed/ddr_seg_1024/007-2345-100.jpg,data/processed/ddr_seg_1024/007-2345-100_EX.png,data/processed/ddr_seg_1024/007-2345-100_HE.png,data/processed/ddr_seg_1024/007-2345-100_MA.png,data/processed/ddr_seg_1024/007-2345-100_SE.png
data/processed/ddr_seg_1024/007-2365-100.jpg,data/processed/ddr_seg_1024/007-2365-100_EX.png,data/processed/ddr_seg_1024/007-2365-100_HE.png,data/processed/ddr_seg_1024/007-2365-100_MA.png,data/processed/ddr_seg_1024/007-2365-100_SE.png
data/processed/ddr_seg_1024/007-2366-100.jpg,data/processed/ddr_seg_1024/007-2366-100_EX.png,data/processed/ddr_seg_1024/007-2366-100_HE.png,data/processed/ddr_seg_1024/007-2366-100_MA.png,data/processed/ddr_seg_1024/007-2366-100_SE.png
data/processed/ddr_seg_1024/007-2369-100.jpg,data/processed/ddr_seg_1024/007-2369-100_EX.png,data/processed/ddr_seg_1024/007-2369-100_HE.png,data/processed/ddr_seg_1024/007-2369-100_MA.png,data/processed/ddr_seg_1024/007-2369-100_SE.png
data/processed/ddr_seg_1024/007-2371-100.jpg,data/processed/ddr_seg_1024/007-2371-100_EX.png,data/processed/ddr_seg_1024/007-2371-100_HE.png,data/processed/ddr_seg_1024/007-2371-100_MA.png,data/processed/ddr_seg_1024/007-2371-100_SE.png
data/processed/ddr_seg_1024/007-2375-100.jpg,data/processed/ddr_seg_1024/007-2375-100_EX.png,data/processed/ddr_seg_1024/007-2375-100_HE.png,data/processed/ddr_seg_1024/007-2375-100_MA.png,data/processed/ddr_seg_1024/007-2375-100_SE.png
data/processed/ddr_seg_1024/007-2378-100.jpg,data/processed/ddr_seg_1024/007-2378-100_EX.png,data/processed/ddr_seg_1024/007-2378-100_HE.png,data/processed/ddr_seg_1024/007-2378-100_MA.png,data/processed/ddr_seg_1024/007-2378-100_SE.png
data/processed/ddr_seg_1024/007-2383-100.jpg,data/processed/ddr_seg_1024/007-2383-100_EX.png,data/processed/ddr_seg_1024/007-2383-100_HE.png,data/processed/ddr_seg_1024/007-2383-100_MA.png,data/processed/ddr_seg_1024/007-2383-100_SE.png
data/processed/ddr_seg_1024/007-2390-100.jpg,data/processed/ddr_seg_1024/007-2390-100_EX.png,data/processed/ddr_seg_1024/007-2390-100_HE.png,data/processed/ddr_seg_1024/007-2390-100_MA.png,data/processed/ddr_seg_1024/007-2390-100_SE.png
data/processed/ddr_seg_1024/007-2391-100.jpg,data/processed/ddr_seg_1024/007-2391-100_EX.png,data/processed/ddr_seg_1024/007-2391-100_HE.png,data/processed/ddr_seg_1024/007-2391-100_MA.png,data/processed/ddr_seg_1024/007-2391-100_SE.png
data/processed/ddr_seg_1024/007-2394-100.jpg,data/processed/ddr_seg_1024/007-2394-100_EX.png,data/processed/ddr_seg_1024/007-2394-100_HE.png,data/processed/ddr_seg_1024/007-2394-100_MA.png,data/processed/ddr_seg_1024/007-2394-100_SE.png
data/processed/ddr_seg_1024/007-2395-100.jpg,data/processed/ddr_seg_1024/007-2395-100_EX.png,data/processed/ddr_seg_1024/007-2395-100_HE.png,data/processed/ddr_seg_1024/007-2395-100_MA.png,data/processed/ddr_seg_1024/007-2395-100_SE.png
data/processed/ddr_seg_1024/007-2397-100.jpg,data/processed/ddr_seg_1024/007-2397-100_EX.png,data/processed/ddr_seg_1024/007-2397-100_HE.png,data/processed/ddr_seg_1024/007-2397-100_MA.png,data/processed/ddr_seg_1024/007-2397-100_SE.png
data/processed/ddr_seg_1024/007-2401-100.jpg,data/processed/ddr_seg_1024/007-2401-100_EX.png,data/processed/ddr_seg_1024/007-2401-100_HE.png,data/processed/ddr_seg_1024/007-2401-100_MA.png,data/processed/ddr_seg_1024/007-2401-100_SE.png
data/processed/ddr_seg_1024/007-2402-100.jpg,data/processed/ddr_seg_1024/007-2402-100_EX.png,data/processed/ddr_seg_1024/007-2402-100_HE.png,data/processed/ddr_seg_1024/007-2402-100_MA.png,data/processed/ddr_seg_1024/007-2402-100_SE.png
data/processed/ddr_seg_1024/007-2574-100.jpg,data/processed/ddr_seg_1024/007-2574-100_EX.png,data/processed/ddr_seg_1024/007-2574-100_HE.png,data/processed/ddr_seg_1024/007-2574-100_MA.png,data/processed/ddr_seg_1024/007-2574-100_SE.png
data/processed/ddr_seg_1024/007-2580-100.jpg,data/processed/ddr_seg_1024/007-2580-100_EX.png,data/processed/ddr_seg_1024/007-2580-100_HE.png,data/processed/ddr_seg_1024/007-2580-100_MA.png,data/processed/ddr_seg_1024/007-2580-100_SE.png
data/processed/ddr_seg_1024/007-2594-100.jpg,data/processed/ddr_seg_1024/007-2594-100_EX.png,data/processed/ddr_seg_1024/007-2594-100_HE.png,data/processed/ddr_seg_1024/007-2594-100_MA.png,data/processed/ddr_seg_1024/007-2594-100_SE.png
data/processed/ddr_seg_1024/007-2600-100.jpg,data/processed/ddr_seg_1024/007-2600-100_EX.png,data/processed/ddr_seg_1024/007-2600-100_HE.png,data/processed/ddr_seg_1024/007-2600-100_MA.png,data/processed/ddr_seg_1024/007-2600-100_SE.png
data/processed/ddr_seg_1024/007-2607-100.jpg,data/processed/ddr_seg_1024/007-2607-100_EX.png,data/processed/ddr_seg_1024/007-2607-100_HE.png,data/processed/ddr_seg_1024/007-2607-100_MA.png,data/processed/ddr_seg_1024/007-2607-100_SE.png
data/processed/ddr_seg_1024/007-2621-100.jpg,data/processed/ddr_seg_1024/007-2621-100_EX.png,data/processed/ddr_seg_1024/007-2621-100_HE.png,data/processed/ddr_seg_1024/007-2621-100_MA.png,data/processed/ddr_seg_1024/007-2621-100_SE.png
data/processed/ddr_seg_1024/007-2631-100.jpg,data/processed/ddr_seg_1024/007-2631-100_EX.png,data/processed/ddr_seg_1024/007-2631-100_HE.png,data/processed/ddr_seg_1024/007-2631-100_MA.png,data/processed/ddr_seg_1024/007-2631-100_SE.png
data/processed/ddr_seg_1024/007-2677-100.jpg,data/processed/ddr_seg_1024/007-2677-100_EX.png,data/processed/ddr_seg_1024/007-2677-100_HE.png,data/processed/ddr_seg_1024/007-2677-100_MA.png,data/processed/ddr_seg_1024/007-2677-100_SE.png
data/processed/ddr_seg_1024/007-2682-100.jpg,data/processed/ddr_seg_1024/007-2682-100_EX.png,data/processed/ddr_seg_1024/007-2682-100_HE.png,data/processed/ddr_seg_1024/007-2682-100_MA.png,data/processed/ddr_seg_1024/007-2682-100_SE.png
data/processed/ddr_seg_1024/007-2684-100.jpg,data/processed/ddr_seg_1024/007-2684-100_EX.png,data/processed/ddr_seg_1024/007-2684-100_HE.png,data/processed/ddr_seg_1024/007-2684-100_MA.png,data/processed/ddr_seg_1024/007-2684-100_SE.png
data/processed/ddr_seg_1024/007-2689-100.jpg,data/processed/ddr_seg_1024/007-2689-100_EX.png,data/processed/ddr_seg_1024/007-2689-100_HE.png,data/processed/ddr_seg_1024/007-2689-100_MA.png,data/processed/ddr_seg_1024/007-2689-100_SE.png
data/processed/ddr_seg_1024/007-2697-100.jpg,data/processed/ddr_seg_1024/007-2697-100_EX.png,data/processed/ddr_seg_1024/007-2697-100_HE.png,data/processed/ddr_seg_1024/007-2697-100_MA.png,data/processed/ddr_seg_1024/007-2697-100_SE.png
data/processed/ddr_seg_1024/007-2700-100.jpg,data/processed/ddr_seg_1024/007-2700-100_EX.png,data/processed/ddr_seg_1024/007-2700-100_HE.png,data/processed/ddr_seg_1024/007-2700-100_MA.png,data/processed/ddr_seg_1024/007-2700-100_SE.png
data/processed/ddr_seg_1024/007-2704-100.jpg,data/processed/ddr_seg_1024/007-2704-100_EX.png,data/processed/ddr_seg_1024/007-2704-100_HE.png,data/processed/ddr_seg_1024/007-2704-100_MA.png,data/processed/ddr_seg_1024/007-2704-100_SE.png
data/processed/ddr_seg_1024/007-2705-100.jpg,data/processed/ddr_seg_1024/007-2705-100_EX.png,data/processed/ddr_seg_1024/007-2705-100_HE.png,data/processed/ddr_seg_1024/007-2705-100_MA.png,data/processed/ddr_seg_1024/007-2705-100_SE.png
data/processed/ddr_seg_1024/007-2753-100.jpg,data/processed/ddr_seg_1024/007-2753-100_EX.png,data/processed/ddr_seg_1024/007-2753-100_HE.png,data/processed/ddr_seg_1024/007-2753-100_MA.png,data/processed/ddr_seg_1024/007-2753-100_SE.png
data/processed/ddr_seg_1024/007-2756-100.jpg,data/processed/ddr_seg_1024/007-2756-100_EX.png,data/processed/ddr_seg_1024/007-2756-100_HE.png,data/processed/ddr_seg_1024/007-2756-100_MA.png,data/processed/ddr_seg_1024/007-2756-100_SE.png
data/processed/ddr_seg_1024/007-2757-100.jpg,data/processed/ddr_seg_1024/007-2757-100_EX.png,data/processed/ddr_seg_1024/007-2757-100_HE.png,data/processed/ddr_seg_1024/007-2757-100_MA.png,data/processed/ddr_seg_1024/007-2757-100_SE.png
data/processed/ddr_seg_1024/007-2763-100.jpg,data/processed/ddr_seg_1024/007-2763-100_EX.png,data/processed/ddr_seg_1024/007-2763-100_HE.png,data/processed/ddr_seg_1024/007-2763-100_MA.png,data/processed/ddr_seg_1024/007-2763-100_SE.png
data/processed/ddr_seg_1024/007-2764-100.jpg,data/processed/ddr_seg_1024/007-2764-100_EX.png,data/processed/ddr_seg_1024/007-2764-100_HE.png,data/processed/ddr_seg_1024/007-2764-100_MA.png,data/processed/ddr_seg_1024/007-2764-100_SE.png
data/processed/ddr_seg_1024/007-2765-100.jpg,data/processed/ddr_seg_1024/007-2765-100_EX.png,data/processed/ddr_seg_1024/007-2765-100_HE.png,data/processed/ddr_seg_1024/007-2765-100_MA.png,data/processed/ddr_seg_1024/007-2765-100_SE.png
data/processed/ddr_seg_1024/007-2768-100.jpg,data/processed/ddr_seg_1024/007-2768-100_EX.png,data/processed/ddr_seg_1024/007-2768-100_HE.png,data/processed/ddr_seg_1024/007-2768-100_MA.png,data/processed/ddr_seg_1024/007-2768-100_SE.png
data/processed/ddr_seg_1024/007-2769-100.jpg,data/processed/ddr_seg_1024/007-2769-100_EX.png,data/processed/ddr_seg_1024/007-2769-100_HE.png,data/processed/ddr_seg_1024/007-2769-100_MA.png,data/processed/ddr_seg_1024/007-2769-100_SE.png
data/processed/ddr_seg_1024/007-2771-100.jpg,data/processed/ddr_seg_1024/007-2771-100_EX.png,data/processed/ddr_seg_1024/007-2771-100_HE.png,data/processed/ddr_seg_1024/007-2771-100_MA.png,data/processed/ddr_seg_1024/007-2771-100_SE.png
data/processed/ddr_seg_1024/007-2773-100.jpg,data/processed/ddr_seg_1024/007-2773-100_EX.png,data/processed/ddr_seg_1024/007-2773-100_HE.png,data/processed/ddr_seg_1024/007-2773-100_MA.png,data/processed/ddr_seg_1024/007-2773-100_SE.png
data/processed/ddr_seg_1024/007-2787-100.jpg,data/processed/ddr_seg_1024/007-2787-100_EX.png,data/processed/ddr_seg_1024/007-2787-100_HE.png,data/processed/ddr_seg_1024/007-2787-100_MA.png,data/processed/ddr_seg_1024/007-2787-100_SE.png
data/processed/ddr_seg_1024/007-2788-100.jpg,data/processed/ddr_seg_1024/007-2788-100_EX.png,data/processed/ddr_seg_1024/007-2788-100_HE.png,data/processed/ddr_seg_1024/007-2788-100_MA.png,data/processed/ddr_seg_1024/007-2788-100_SE.png
data/processed/ddr_seg_1024/007-2795-100.jpg,data/processed/ddr_seg_1024/007-2795-100_EX.png,data/processed/ddr_seg_1024/007-2795-100_HE.png,data/processed/ddr_seg_1024/007-2795-100_MA.png,data/processed/ddr_seg_1024/007-2795-100_SE.png
data/processed/ddr_seg_1024/007-2832-100.jpg,data/processed/ddr_seg_1024/007-2832-100_EX.png,data/processed/ddr_seg_1024/007-2832-100_HE.png,data/processed/ddr_seg_1024/007-2832-100_MA.png,data/processed/ddr_seg_1024/007-2832-100_SE.png
data/processed/ddr_seg_1024/007-2836-100.jpg,data/processed/ddr_seg_1024/007-2836-100_EX.png,data/processed/ddr_seg_1024/007-2836-100_HE.png,data/processed/ddr_seg_1024/007-2836-100_MA.png,data/processed/ddr_seg_1024/007-2836-100_SE.png
data/processed/ddr_seg_1024/007-2840-100.jpg,data/processed/ddr_seg_1024/007-2840-100_EX.png,data/processed/ddr_seg_1024/007-2840-100_HE.png,data/processed/ddr_seg_1024/007-2840-100_MA.png,data/processed/ddr_seg_1024/007-2840-100_SE.png
data/processed/ddr_seg_1024/007-2841-100.jpg,data/processed/ddr_seg_1024/007-2841-100_EX.png,data/processed/ddr_seg_1024/007-2841-100_HE.png,data/processed/ddr_seg_1024/007-2841-100_MA.png,data/processed/ddr_seg_1024/007-2841-100_SE.png
data/processed/ddr_seg_1024/007-2842-100.jpg,data/processed/ddr_seg_1024/007-2842-100_EX.png,data/processed/ddr_seg_1024/007-2842-100_HE.png,data/processed/ddr_seg_1024/007-2842-100_MA.png,data/processed/ddr_seg_1024/007-2842-100_SE.png
data/processed/ddr_seg_1024/007-3077-100.jpg,data/processed/ddr_seg_1024/007-3077-100_EX.png,data/processed/ddr_seg_1024/007-3077-100_HE.png,data/processed/ddr_seg_1024/007-3077-100_MA.png,data/processed/ddr_seg_1024/007-3077-100_SE.png
data/processed/ddr_seg_1024/007-3308-200.jpg,data/processed/ddr_seg_1024/007-3308-200_EX.png,data/processed/ddr_seg_1024/007-3308-200_HE.png,data/processed/ddr_seg_1024/007-3308-200_MA.png,data/processed/ddr_seg_1024/007-3308-200_SE.png
data/processed/ddr_seg_1024/007-3310-200.jpg,data/processed/ddr_seg_1024/007-3310-200_EX.png,data/processed/ddr_seg_1024/007-3310-200_HE.png,data/processed/ddr_seg_1024/007-3310-200_MA.png,data/processed/ddr_seg_1024/007-3310-200_SE.png
data/processed/ddr_seg_1024/007-3319-200.jpg,data/processed/ddr_seg_1024/007-3319-200_EX.png,data/processed/ddr_seg_1024/007-3319-200_HE.png,data/processed/ddr_seg_1024/007-3319-200_MA.png,data/processed/ddr_seg_1024/007-3319-200_SE.png
data/processed/ddr_seg_1024/007-3336-200.jpg,data/processed/ddr_seg_1024/007-3336-200_EX.png,data/processed/ddr_seg_1024/007-3336-200_HE.png,data/processed/ddr_seg_1024/007-3336-200_MA.png,data/processed/ddr_seg_1024/007-3336-200_SE.png
data/processed/ddr_seg_1024/007-3338-200.jpg,data/processed/ddr_seg_1024/007-3338-200_EX.png,data/processed/ddr_seg_1024/007-3338-200_HE.png,data/processed/ddr_seg_1024/007-3338-200_MA.png,data/processed/ddr_seg_1024/007-3338-200_SE.png
data/processed/ddr_seg_1024/007-3339-200.jpg,data/processed/ddr_seg_1024/007-3339-200_EX.png,data/processed/ddr_seg_1024/007-3339-200_HE.png,data/processed/ddr_seg_1024/007-3339-200_MA.png,data/processed/ddr_seg_1024/007-3339-200_SE.png
data/processed/ddr_seg_1024/007-3361-200.jpg,data/processed/ddr_seg_1024/007-3361-200_EX.png,data/processed/ddr_seg_1024/007-3361-200_HE.png,data/processed/ddr_seg_1024/007-3361-200_MA.png,data/processed/ddr_seg_1024/007-3361-200_SE.png
data/processed/ddr_seg_1024/007-3370-200.jpg,data/processed/ddr_seg_1024/007-3370-200_EX.png,data/processed/ddr_seg_1024/007-3370-200_HE.png,data/processed/ddr_seg_1024/007-3370-200_MA.png,data/processed/ddr_seg_1024/007-3370-200_SE.png
data/processed/ddr_seg_1024/007-3372-200.jpg,data/processed/ddr_seg_1024/007-3372-200_EX.png,data/processed/ddr_seg_1024/007-3372-200_HE.png,data/processed/ddr_seg_1024/007-3372-200_MA.png,data/processed/ddr_seg_1024/007-3372-200_SE.png
data/processed/ddr_seg_1024/007-3375-200.jpg,data/processed/ddr_seg_1024/007-3375-200_EX.png,data/processed/ddr_seg_1024/007-3375-200_HE.png,data/processed/ddr_seg_1024/007-3375-200_MA.png,data/processed/ddr_seg_1024/007-3375-200_SE.png
data/processed/ddr_seg_1024/007-3377-200.jpg,data/processed/ddr_seg_1024/007-3377-200_EX.png,data/processed/ddr_seg_1024/007-3377-200_HE.png,data/processed/ddr_seg_1024/007-3377-200_MA.png,data/processed/ddr_seg_1024/007-3377-200_SE.png
data/processed/ddr_seg_1024/007-3380-200.jpg,data/processed/ddr_seg_1024/007-3380-200_EX.png,data/processed/ddr_seg_1024/007-3380-200_HE.png,data/processed/ddr_seg_1024/007-3380-200_MA.png,data/processed/ddr_seg_1024/007-3380-200_SE.png
data/processed/ddr_seg_1024/007-3386-200.jpg,data/processed/ddr_seg_1024/007-3386-200_EX.png,data/processed/ddr_seg_1024/007-3386-200_HE.png,data/processed/ddr_seg_1024/007-3386-200_MA.png,data/processed/ddr_seg_1024/007-3386-200_SE.png
data/processed/ddr_seg_1024/007-3387-200.jpg,data/processed/ddr_seg_1024/007-3387-200_EX.png,data/processed/ddr_seg_1024/007-3387-200_HE.png,data/processed/ddr_seg_1024/007-3387-200_MA.png,data/processed/ddr_seg_1024/007-3387-200_SE.png
data/processed/ddr_seg_1024/007-3396-200.jpg,data/processed/ddr_seg_1024/007-3396-200_EX.png,data/processed/ddr_seg_1024/007-3396-200_HE.png,data/processed/ddr_seg_1024/007-3396-200_MA.png,data/processed/ddr_seg_1024/007-3396-200_SE.png
data/processed/ddr_seg_1024/007-3397-200.jpg,data/processed/ddr_seg_1024/007-3397-200_EX.png,data/processed/ddr_seg_1024/007-3397-200_HE.png,data/processed/ddr_seg_1024/007-3397-200_MA.png,data/processed/ddr_seg_1024/007-3397-200_SE.png
data/processed/ddr_seg_1024/007-3398-200.jpg,data/processed/ddr_seg_1024/007-3398-200_EX.png,data/processed/ddr_seg_1024/007-3398-200_HE.png,data/processed/ddr_seg_1024/007-3398-200_MA.png,data/processed/ddr_seg_1024/007-3398-200_SE.png
data/processed/ddr_seg_1024/007-3399-200.jpg,data/processed/ddr_seg_1024/007-3399-200_EX.png,data/processed/ddr_seg_1024/007-3399-200_HE.png,data/processed/ddr_seg_1024/007-3399-200_MA.png,data/processed/ddr_seg_1024/007-3399-200_SE.png
data/processed/ddr_seg_1024/007-3400-200.jpg,data/processed/ddr_seg_1024/007-3400-200_EX.png,data/processed/ddr_seg_1024/007-3400-200_HE.png,data/processed/ddr_seg_1024/007-3400-200_MA.png,data/processed/ddr_seg_1024/007-3400-200_SE.png
data/processed/ddr_seg_1024/007-3411-200.jpg,data/processed/ddr_seg_1024/007-3411-200_EX.png,data/processed/ddr_seg_1024/007-3411-200_HE.png,data/processed/ddr_seg_1024/007-3411-200_MA.png,data/processed/ddr_seg_1024/007-3411-200_SE.png
data/processed/ddr_seg_1024/007-3412-200.jpg,data/processed/ddr_seg_1024/007-3412-200_EX.png,data/processed/ddr_seg_1024/007-3412-200_HE.png,data/processed/ddr_seg_1024/007-3412-200_MA.png,data/processed/ddr_seg_1024/007-3412-200_SE.png
data/processed/ddr_seg_1024/007-3413-200.jpg,data/processed/ddr_seg_1024/007-3413-200_EX.png,data/processed/ddr_seg_1024/007-3413-200_HE.png,data/processed/ddr_seg_1024/007-3413-200_MA.png,data/processed/ddr_seg_1024/007-3413-200_SE.png
data/processed/ddr_seg_1024/007-3414-200.jpg,data/processed/ddr_seg_1024/007-3414-200_EX.png,data/processed/ddr_seg_1024/007-3414-200_HE.png,data/processed/ddr_seg_1024/007-3414-200_MA.png,data/processed/ddr_seg_1024/007-3414-200_SE.png
data/processed/ddr_seg_1024/007-3415-200.jpg,data/processed/ddr_seg_1024/007-3415-200_EX.png,data/processed/ddr_seg_1024/007-3415-200_HE.png,data/processed/ddr_seg_1024/007-3415-200_MA.png,data/processed/ddr_seg_1024/007-3415-200_SE.png
data/processed/ddr_seg_1024/007-3416-200.jpg,data/processed/ddr_seg_1024/007-3416-200_EX.png,data/processed/ddr_seg_1024/007-3416-200_HE.png,data/processed/ddr_seg_1024/007-3416-200_MA.png,data/processed/ddr_seg_1024/007-3416-200_SE.png
data/processed/ddr_seg_1024/007-3417-200.jpg,data/processed/ddr_seg_1024/007-3417-200_EX.png,data/processed/ddr_seg_1024/007-3417-200_HE.png,data/processed/ddr_seg_1024/007-3417-200_MA.png,data/processed/ddr_seg_1024/007-3417-200_SE.png
data/processed/ddr_seg_1024/007-3418-200.jpg,data/processed/ddr_seg_1024/007-3418-200_EX.png,data/processed/ddr_seg_1024/007-3418-200_HE.png,data/processed/ddr_seg_1024/007-3418-200_MA.png,data/processed/ddr_seg_1024/007-3418-200_SE.png
data/processed/ddr_seg_1024/007-3420-200.jpg,data/processed/ddr_seg_1024/007-3420-200_EX.png,data/processed/ddr_seg_1024/007-3420-200_HE.png,data/processed/ddr_seg_1024/007-3420-200_MA.png,data/processed/ddr_seg_1024/007-3420-200_SE.png
data/processed/ddr_seg_1024/007-3424-200.jpg,data/processed/ddr_seg_1024/007-3424-200_EX.png,data/processed/ddr_seg_1024/007-3424-200_HE.png,data/processed/ddr_seg_1024/007-3424-200_MA.png,data/processed/ddr_seg_1024/007-3424-200_SE.png
data/processed/ddr_seg_1024/007-3425-200.jpg,data/processed/ddr_seg_1024/007-3425-200_EX.png,data/processed/ddr_seg_1024/007-3425-200_HE.png,data/processed/ddr_seg_1024/007-3425-200_MA.png,data/processed/ddr_seg_1024/007-3425-200_SE.png
data/processed/ddr_seg_1024/007-3427-200.jpg,data/processed/ddr_seg_1024/007-3427-200_EX.png,data/processed/ddr_seg_1024/007-3427-200_HE.png,data/processed/ddr_seg_1024/007-3427-200_MA.png,data/processed/ddr_seg_1024/007-3427-200_SE.png
data/processed/ddr_seg_1024/007-3430-200.jpg,data/processed/ddr_seg_1024/007-3430-200_EX.png,data/processed/ddr_seg_1024/007-3430-200_HE.png,data/processed/ddr_seg_1024/007-3430-200_MA.png,data/processed/ddr_seg_1024/007-3430-200_SE.png
data/processed/ddr_seg_1024/007-3431-200.jpg,data/processed/ddr_seg_1024/007-3431-200_EX.png,data/processed/ddr_seg_1024/007-3431-200_HE.png,data/processed/ddr_seg_1024/007-3431-200_MA.png,data/processed/ddr_seg_1024/007-3431-200_SE.png
data/processed/ddr_seg_1024/007-3434-200.jpg,data/processed/ddr_seg_1024/007-3434-200_EX.png,data/processed/ddr_seg_1024/007-3434-200_HE.png,data/processed/ddr_seg_1024/007-3434-200_MA.png,data/processed/ddr_seg_1024/007-3434-200_SE.png
data/processed/ddr_seg_1024/007-3440-200.jpg,data/processed/ddr_seg_1024/007-3440-200_EX.png,data/processed/ddr_seg_1024/007-3440-200_HE.png,data/processed/ddr_seg_1024/007-3440-200_MA.png,data/processed/ddr_seg_1024/007-3440-200_SE.png
data/processed/ddr_seg_1024/007-3444-200.jpg,data/processed/ddr_seg_1024/007-3444-200_EX.png,data/processed/ddr_seg_1024/007-3444-200_HE.png,data/processed/ddr_seg_1024/007-3444-200_MA.png,data/processed/ddr_seg_1024/007-3444-200_SE.png
data/processed/ddr_seg_1024/007-3445-200.jpg,data/processed/ddr_seg_1024/007-3445-200_EX.png,data/processed/ddr_seg_1024/007-3445-200_HE.png,data/processed/ddr_seg_1024/007-3445-200_MA.png,data/processed/ddr_seg_1024/007-3445-200_SE.png
data/processed/ddr_seg_1024/007-3448-200.jpg,data/processed/ddr_seg_1024/007-3448-200_EX.png,data/processed/ddr_seg_1024/007-3448-200_HE.png,data/processed/ddr_seg_1024/007-3448-200_MA.png,data/processed/ddr_seg_1024/007-3448-200_SE.png
data/processed/ddr_seg_1024/007-3452-200.jpg,data/processed/ddr_seg_1024/007-3452-200_EX.png,data/processed/ddr_seg_1024/007-3452-200_HE.png,data/processed/ddr_seg_1024/007-3452-200_MA.png,data/processed/ddr_seg_1024/007-3452-200_SE.png
data/processed/ddr_seg_1024/007-3457-200.jpg,data/processed/ddr_seg_1024/007-3457-200_EX.png,data/processed/ddr_seg_1024/007-3457-200_HE.png,data/processed/ddr_seg_1024/007-3457-200_MA.png,data/processed/ddr_seg_1024/007-3457-200_SE.png
data/processed/ddr_seg_1024/007-3458-200.jpg,data/processed/ddr_seg_1024/007-3458-200_EX.png,data/processed/ddr_seg_1024/007-3458-200_HE.png,data/processed/ddr_seg_1024/007-3458-200_MA.png,data/processed/ddr_seg_1024/007-3458-200_SE.png
data/processed/ddr_seg_1024/007-3459-200.jpg,data/processed/ddr_seg_1024/007-3459-200_EX.png,data/processed/ddr_seg_1024/007-3459-200_HE.png,data/processed/ddr_seg_1024/007-3459-200_MA.png,data/processed/ddr_seg_1024/007-3459-200_SE.png
data/processed/ddr_seg_1024/007-3461-200.jpg,data/processed/ddr_seg_1024/007-3461-200_EX.png,data/processed/ddr_seg_1024/007-3461-200_HE.png,data/processed/ddr_seg_1024/007-3461-200_MA.png,data/processed/ddr_seg_1024/007-3461-200_SE.png
data/processed/ddr_seg_1024/007-3462-200.jpg,data/processed/ddr_seg_1024/007-3462-200_EX.png,data/processed/ddr_seg_1024/007-3462-200_HE.png,data/processed/ddr_seg_1024/007-3462-200_MA.png,data/processed/ddr_seg_1024/007-3462-200_SE.png
data/processed/ddr_seg_1024/007-3463-200.jpg,data/processed/ddr_seg_1024/007-3463-200_EX.png,data/processed/ddr_seg_1024/007-3463-200_HE.png,data/processed/ddr_seg_1024/007-3463-200_MA.png,data/processed/ddr_seg_1024/007-3463-200_SE.png
data/processed/ddr_seg_1024/007-3466-200.jpg,data/processed/ddr_seg_1024/007-3466-200_EX.png,data/processed/ddr_seg_1024/007-3466-200_HE.png,data/processed/ddr_seg_1024/007-3466-200_MA.png,data/processed/ddr_seg_1024/007-3466-200_SE.png
data/processed/ddr_seg_1024/007-3476-200.jpg,data/processed/ddr_seg_1024/007-3476-200_EX.png,data/processed/ddr_seg_1024/007-3476-200_HE.png,data/processed/ddr_seg_1024/007-3476-200_MA.png,data/processed/ddr_seg_1024/007-3476-200_SE.png
data/processed/ddr_seg_1024/007-3485-200.jpg,data/processed/ddr_seg_1024/007-3485-200_EX.png,data/processed/ddr_seg_1024/007-3485-200_HE.png,data/processed/ddr_seg_1024/007-3485-200_MA.png,data/processed/ddr_seg_1024/007-3485-200_SE.png
data/processed/ddr_seg_1024/007-3487-200.jpg,data/processed/ddr_seg_1024/007-3487-200_EX.png,data/processed/ddr_seg_1024/007-3487-200_HE.png,data/processed/ddr_seg_1024/007-3487-200_MA.png,data/processed/ddr_seg_1024/007-3487-200_SE.png
data/processed/ddr_seg_1024/007-3491-200.jpg,data/processed/ddr_seg_1024/007-3491-200_EX.png,data/processed/ddr_seg_1024/007-3491-200_HE.png,data/processed/ddr_seg_1024/007-3491-200_MA.png,data/processed/ddr_seg_1024/007-3491-200_SE.png
data/processed/ddr_seg_1024/007-3492-200.jpg,data/processed/ddr_seg_1024/007-3492-200_EX.png,data/processed/ddr_seg_1024/007-3492-200_HE.png,data/processed/ddr_seg_1024/007-3492-200_MA.png,data/processed/ddr_seg_1024/007-3492-200_SE.png
data/processed/ddr_seg_1024/007-3499-200.jpg,data/processed/ddr_seg_1024/007-3499-200_EX.png,data/processed/ddr_seg_1024/007-3499-200_HE.png,data/processed/ddr_seg_1024/007-3499-200_MA.png,data/processed/ddr_seg_1024/007-3499-200_SE.png
data/processed/ddr_seg_1024/007-3500-200.jpg,data/processed/ddr_seg_1024/007-3500-200_EX.png,data/processed/ddr_seg_1024/007-3500-200_HE.png,data/processed/ddr_seg_1024/007-3500-200_MA.png,data/processed/ddr_seg_1024/007-3500-200_SE.png
data/processed/ddr_seg_1024/007-3503-200.jpg,data/processed/ddr_seg_1024/007-3503-200_EX.png,data/processed/ddr_seg_1024/007-3503-200_HE.png,data/processed/ddr_seg_1024/007-3503-200_MA.png,data/processed/ddr_seg_1024/007-3503-200_SE.png
data/processed/ddr_seg_1024/007-3517-200.jpg,data/processed/ddr_seg_1024/007-3517-200_EX.png,data/processed/ddr_seg_1024/007-3517-200_HE.png,data/processed/ddr_seg_1024/007-3517-200_MA.png,data/processed/ddr_seg_1024/007-3517-200_SE.png
data/processed/ddr_seg_1024/007-3520-200.jpg,data/processed/ddr_seg_1024/007-3520-200_EX.png,data/processed/ddr_seg_1024/007-3520-200_HE.png,data/processed/ddr_seg_1024/007-3520-200_MA.png,data/processed/ddr_seg_1024/007-3520-200_SE.png
data/processed/ddr_seg_1024/007-3527-200.jpg,data/processed/ddr_seg_1024/007-3527-200_EX.png,data/processed/ddr_seg_1024/007-3527-200_HE.png,data/processed/ddr_seg_1024/007-3527-200_MA.png,data/processed/ddr_seg_1024/007-3527-200_SE.png
data/processed/ddr_seg_1024/007-3538-200.jpg,data/processed/ddr_seg_1024/007-3538-200_EX.png,data/processed/ddr_seg_1024/007-3538-200_HE.png,data/processed/ddr_seg_1024/007-3538-200_MA.png,data/processed/ddr_seg_1024/007-3538-200_SE.png
data/processed/ddr_seg_1024/007-3541-200.jpg,data/processed/ddr_seg_1024/007-3541-200_EX.png,data/processed/ddr_seg_1024/007-3541-200_HE.png,data/processed/ddr_seg_1024/007-3541-200_MA.png,data/processed/ddr_seg_1024/007-3541-200_SE.png
data/processed/ddr_seg_1024/007-3551-200.jpg,data/processed/ddr_seg_1024/007-3551-200_EX.png,data/processed/ddr_seg_1024/007-3551-200_HE.png,data/processed/ddr_seg_1024/007-3551-200_MA.png,data/processed/ddr_seg_1024/007-3551-200_SE.png
data/processed/ddr_seg_1024/007-3553-200.jpg,data/processed/ddr_seg_1024/007-3553-200_EX.png,data/processed/ddr_seg_1024/007-3553-200_HE.png,data/processed/ddr_seg_1024/007-3553-200_MA.png,data/processed/ddr_seg_1024/007-3553-200_SE.png
data/processed/ddr_seg_1024/007-3554-200.jpg,data/processed/ddr_seg_1024/007-3554-200_EX.png,data/processed/ddr_seg_1024/007-3554-200_HE.png,data/processed/ddr_seg_1024/007-3554-200_MA.png,data/processed/ddr_seg_1024/007-3554-200_SE.png
data/processed/ddr_seg_1024/007-3559-200.jpg,data/processed/ddr_seg_1024/007-3559-200_EX.png,data/processed/ddr_seg_1024/007-3559-200_HE.png,data/processed/ddr_seg_1024/007-3559-200_MA.png,data/processed/ddr_seg_1024/007-3559-200_SE.png
data/processed/ddr_seg_1024/007-3571-200.jpg,data/processed/ddr_seg_1024/007-3571-200_EX.png,data/processed/ddr_seg_1024/007-3571-200_HE.png,data/processed/ddr_seg_1024/007-3571-200_MA.png,data/processed/ddr_seg_1024/007-3571-200_SE.png
data/processed/ddr_seg_1024/007-3597-200.jpg,data/processed/ddr_seg_1024/007-3597-200_EX.png,data/processed/ddr_seg_1024/007-3597-200_HE.png,data/processed/ddr_seg_1024/007-3597-200_MA.png,data/processed/ddr_seg_1024/007-3597-200_SE.png
data/processed/ddr_seg_1024/007-3627-200.jpg,data/processed/ddr_seg_1024/007-3627-200_EX.png,data/processed/ddr_seg_1024/007-3627-200_HE.png,data/processed/ddr_seg_1024/007-3627-200_MA.png,data/processed/ddr_seg_1024/007-3627-200_SE.png
data/processed/ddr_seg_1024/007-3628-200.jpg,data/processed/ddr_seg_1024/007-3628-200_EX.png,data/processed/ddr_seg_1024/007-3628-200_HE.png,data/processed/ddr_seg_1024/007-3628-200_MA.png,data/processed/ddr_seg_1024/007-3628-200_SE.png
data/processed/ddr_seg_1024/007-3629-200.jpg,data/processed/ddr_seg_1024/007-3629-200_EX.png,data/processed/ddr_seg_1024/007-3629-200_HE.png,data/processed/ddr_seg_1024/007-3629-200_MA.png,data/processed/ddr_seg_1024/007-3629-200_SE.png
data/processed/ddr_seg_1024/007-3638-200.jpg,data/processed/ddr_seg_1024/007-3638-200_EX.png,data/processed/ddr_seg_1024/007-3638-200_HE.png,data/processed/ddr_seg_1024/007-3638-200_MA.png,data/processed/ddr_seg_1024/007-3638-200_SE.png
data/processed/ddr_seg_1024/007-3645-200.jpg,data/processed/ddr_seg_1024/007-3645-200_EX.png,data/processed/ddr_seg_1024/007-3645-200_HE.png,data/processed/ddr_seg_1024/007-3645-200_MA.png,data/processed/ddr_seg_1024/007-3645-200_SE.png
data/processed/ddr_seg_1024/007-3669-200.jpg,data/processed/ddr_seg_1024/007-3669-200_EX.png,data/processed/ddr_seg_1024/007-3669-200_HE.png,data/processed/ddr_seg_1024/007-3669-200_MA.png,data/processed/ddr_seg_1024/007-3669-200_SE.png
data/processed/ddr_seg_1024/007-3673-200.jpg,data/processed/ddr_seg_1024/007-3673-200_EX.png,data/processed/ddr_seg_1024/007-3673-200_HE.png,data/processed/ddr_seg_1024/007-3673-200_MA.png,data/processed/ddr_seg_1024/007-3673-200_SE.png
data/processed/ddr_seg_1024/007-3729-200.jpg,data/processed/ddr_seg_1024/007-3729-200_EX.png,data/processed/ddr_seg_1024/007-3729-200_HE.png,data/processed/ddr_seg_1024/007-3729-200_MA.png,data/processed/ddr_seg_1024/007-3729-200_SE.png
data/processed/ddr_seg_1024/007-3781-200.jpg,data/processed/ddr_seg_1024/007-3781-200_EX.png,data/processed/ddr_seg_1024/007-3781-200_HE.png,data/processed/ddr_seg_1024/007-3781-200_MA.png,data/processed/ddr_seg_1024/007-3781-200_SE.png
data/processed/ddr_seg_1024/007-3784-200.jpg,data/processed/ddr_seg_1024/007-3784-200_EX.png,data/processed/ddr_seg_1024/007-3784-200_HE.png,data/processed/ddr_seg_1024/007-3784-200_MA.png,data/processed/ddr_seg_1024/007-3784-200_SE.png
data/processed/ddr_seg_1024/007-3785-200.jpg,data/processed/ddr_seg_1024/007-3785-200_EX.png,data/processed/ddr_seg_1024/007-3785-200_HE.png,data/processed/ddr_seg_1024/007-3785-200_MA.png,data/processed/ddr_seg_1024/007-3785-200_SE.png
data/processed/ddr_seg_1024/007-3787-200.jpg,data/processed/ddr_seg_1024/007-3787-200_EX.png,data/processed/ddr_seg_1024/007-3787-200_HE.png,data/processed/ddr_seg_1024/007-3787-200_MA.png,data/processed/ddr_seg_1024/007-3787-200_SE.png
data/processed/ddr_seg_1024/007-3854-200.jpg,data/processed/ddr_seg_1024/007-3854-200_EX.png,data/processed/ddr_seg_1024/007-3854-200_HE.png,data/processed/ddr_seg_1024/007-3854-200_MA.png,data/processed/ddr_seg_1024/007-3854-200_SE.png
data/processed/ddr_seg_1024/007-3924-200.jpg,data/processed/ddr_seg_1024/007-3924-200_EX.png,data/processed/ddr_seg_1024/007-3924-200_HE.png,data/processed/ddr_seg_1024/007-3924-200_MA.png,data/processed/ddr_seg_1024/007-3924-200_SE.png
data/processed/ddr_seg_1024/007-3928-200.jpg,data/processed/ddr_seg_1024/007-3928-200_EX.png,data/processed/ddr_seg_1024/007-3928-200_HE.png,data/processed/ddr_seg_1024/007-3928-200_MA.png,data/processed/ddr_seg_1024/007-3928-200_SE.png
data/processed/ddr_seg_1024/007-3929-200.jpg,data/processed/ddr_seg_1024/007-3929-200_EX.png,data/processed/ddr_seg_1024/007-3929-200_HE.png,data/processed/ddr_seg_1024/007-3929-200_MA.png,data/processed/ddr_seg_1024/007-3929-200_SE.png
data/processed/ddr_seg_1024/007-3933-200.jpg,data/processed/ddr_seg_1024/007-3933-200_EX.png,data/processed/ddr_seg_1024/007-3933-200_HE.png,data/processed/ddr_seg_1024/007-3933-200_MA.png,data/processed/ddr_seg_1024/007-3933-200_SE.png
data/processed/ddr_seg_1024/007-3939-200.jpg,data/processed/ddr_seg_1024/007-3939-200_EX.png,data/processed/ddr_seg_1024/007-3939-200_HE.png,data/processed/ddr_seg_1024/007-3939-200_MA.png,data/processed/ddr_seg_1024/007-3939-200_SE.png
data/processed/ddr_seg_1024/007-3986-200.jpg,data/processed/ddr_seg_1024/007-3986-200_EX.png,data/processed/ddr_seg_1024/007-3986-200_HE.png,data/processed/ddr_seg_1024/007-3986-200_MA.png,data/processed/ddr_seg_1024/007-3986-200_SE.png
data/processed/ddr_seg_1024/007-3987-200.jpg,data/processed/ddr_seg_1024/007-3987-200_EX.png,data/processed/ddr_seg_1024/007-3987-200_HE.png,data/processed/ddr_seg_1024/007-3987-200_MA.png,data/processed/ddr_seg_1024/007-3987-200_SE.png
data/processed/ddr_seg_1024/007-3992-200.jpg,data/processed/ddr_seg_1024/007-3992-200_EX.png,data/processed/ddr_seg_1024/007-3992-200_HE.png,data/processed/ddr_seg_1024/007-3992-200_MA.png,data/processed/ddr_seg_1024/007-3992-200_SE.png
data/processed/ddr_seg_1024/007-4038-200.jpg,data/processed/ddr_seg_1024/007-4038-200_EX.png,data/processed/ddr_seg_1024/007-4038-200_HE.png,data/processed/ddr_seg_1024/007-4038-200_MA.png,data/processed/ddr_seg_1024/007-4038-200_SE.png
data/processed/ddr_seg_1024/007-4059-200.jpg,data/processed/ddr_seg_1024/007-4059-200_EX.png,data/processed/ddr_seg_1024/007-4059-200_HE.png,data/processed/ddr_seg_1024/007-4059-200_MA.png,data/processed/ddr_seg_1024/007-4059-200_SE.png
data/processed/ddr_seg_1024/007-4066-200.jpg,data/processed/ddr_seg_1024/007-4066-200_EX.png,data/processed/ddr_seg_1024/007-4066-200_HE.png,data/processed/ddr_seg_1024/007-4066-200_MA.png,data/processed/ddr_seg_1024/007-4066-200_SE.png
data/processed/ddr_seg_1024/007-4070-200.jpg,data/processed/ddr_seg_1024/007-4070-200_EX.png,data/processed/ddr_seg_1024/007-4070-200_HE.png,data/processed/ddr_seg_1024/007-4070-200_MA.png,data/processed/ddr_seg_1024/007-4070-200_SE.png
data/processed/ddr_seg_1024/007-4090-200.jpg,data/processed/ddr_seg_1024/007-4090-200_EX.png,data/processed/ddr_seg_1024/007-4090-200_HE.png,data/processed/ddr_seg_1024/007-4090-200_MA.png,data/processed/ddr_seg_1024/007-4090-200_SE.png
data/processed/ddr_seg_1024/007-4105-200.jpg,data/processed/ddr_seg_1024/007-4105-200_EX.png,data/processed/ddr_seg_1024/007-4105-200_HE.png,data/processed/ddr_seg_1024/007-4105-200_MA.png,data/processed/ddr_seg_1024/007-4105-200_SE.png
data/processed/ddr_seg_1024/007-4107-200.jpg,data/processed/ddr_seg_1024/007-4107-200_EX.png,data/processed/ddr_seg_1024/007-4107-200_HE.png,data/processed/ddr_seg_1024/007-4107-200_MA.png,data/processed/ddr_seg_1024/007-4107-200_SE.png
data/processed/ddr_seg_1024/007-4145-200.jpg,data/processed/ddr_seg_1024/007-4145-200_EX.png,data/processed/ddr_seg_1024/007-4145-200_HE.png,data/processed/ddr_seg_1024/007-4145-200_MA.png,data/processed/ddr_seg_1024/007-4145-200_SE.png
data/processed/ddr_seg_1024/007-4160-200.jpg,data/processed/ddr_seg_1024/007-4160-200_EX.png,data/processed/ddr_seg_1024/007-4160-200_HE.png,data/processed/ddr_seg_1024/007-4160-200_MA.png,data/processed/ddr_seg_1024/007-4160-200_SE.png
data/processed/ddr_seg_1024/007-4169-200.jpg,data/processed/ddr_seg_1024/007-4169-200_EX.png,data/processed/ddr_seg_1024/007-4169-200_HE.png,data/processed/ddr_seg_1024/007-4169-200_MA.png,data/processed/ddr_seg_1024/007-4169-200_SE.png
data/processed/ddr_seg_1024/007-4170-200.jpg,data/processed/ddr_seg_1024/007-4170-200_EX.png,data/processed/ddr_seg_1024/007-4170-200_HE.png,data/processed/ddr_seg_1024/007-4170-200_MA.png,data/processed/ddr_seg_1024/007-4170-200_SE.png
data/processed/ddr_seg_1024/007-4171-200.jpg,data/processed/ddr_seg_1024/007-4171-200_EX.png,data/processed/ddr_seg_1024/007-4171-200_HE.png,data/processed/ddr_seg_1024/007-4171-200_MA.png,data/processed/ddr_seg_1024/007-4171-200_SE.png
data/processed/ddr_seg_1024/007-4220-200.jpg,data/processed/ddr_seg_1024/007-4220-200_EX.png,data/processed/ddr_seg_1024/007-4220-200_HE.png,data/processed/ddr_seg_1024/007-4220-200_MA.png,data/processed/ddr_seg_1024/007-4220-200_SE.png
data/processed/ddr_seg_1024/007-4224-200.jpg,data/processed/ddr_seg_1024/007-4224-200_EX.png,data/processed/ddr_seg_1024/007-4224-200_HE.png,data/processed/ddr_seg_1024/007-4224-200_MA.png,data/processed/ddr_seg_1024/007-4224-200_SE.png
data/processed/ddr_seg_1024/007-4240-200.jpg,data/processed/ddr_seg_1024/007-4240-200_EX.png,data/processed/ddr_seg_1024/007-4240-200_HE.png,data/processed/ddr_seg_1024/007-4240-200_MA.png,data/processed/ddr_seg_1024/007-4240-200_SE.png
data/processed/ddr_seg_1024/007-4244-200.jpg,data/processed/ddr_seg_1024/007-4244-200_EX.png,data/processed/ddr_seg_1024/007-4244-200_HE.png,data/processed/ddr_seg_1024/007-4244-200_MA.png,data/processed/ddr_seg_1024/007-4244-200_SE.png
data/processed/ddr_seg_1024/007-4246-200.jpg,data/processed/ddr_seg_1024/007-4246-200_EX.png,data/processed/ddr_seg_1024/007-4246-200_HE.png,data/processed/ddr_seg_1024/007-4246-200_MA.png,data/processed/ddr_seg_1024/007-4246-200_SE.png
data/processed/ddr_seg_1024/007-4250-200.jpg,data/processed/ddr_seg_1024/007-4250-200_EX.png,data/processed/ddr_seg_1024/007-4250-200_HE.png,data/processed/ddr_seg_1024/007-4250-200_MA.png,data/processed/ddr_seg_1024/007-4250-200_SE.png
data/processed/ddr_seg_1024/007-4252-200.jpg,data/processed/ddr_seg_1024/007-4252-200_EX.png,data/processed/ddr_seg_1024/007-4252-200_HE.png,data/processed/ddr_seg_1024/007-4252-200_MA.png,data/processed/ddr_seg_1024/007-4252-200_SE.png
data/processed/ddr_seg_1024/007-4258-200.jpg,data/processed/ddr_seg_1024/007-4258-200_EX.png,data/processed/ddr_seg_1024/007-4258-200_HE.png,data/processed/ddr_seg_1024/007-4258-200_MA.png,data/processed/ddr_seg_1024/007-4258-200_SE.png
data/processed/ddr_seg_1024/007-4263-200.jpg,data/processed/ddr_seg_1024/007-4263-200_EX.png,data/processed/ddr_seg_1024/007-4263-200_HE.png,data/processed/ddr_seg_1024/007-4263-200_MA.png,data/processed/ddr_seg_1024/007-4263-200_SE.png
data/processed/ddr_seg_1024/007-4266-200.jpg,data/processed/ddr_seg_1024/007-4266-200_EX.png,data/processed/ddr_seg_1024/007-4266-200_HE.png,data/processed/ddr_seg_1024/007-4266-200_MA.png,data/processed/ddr_seg_1024/007-4266-200_SE.png
data/processed/ddr_seg_1024/007-4268-200.jpg,data/processed/ddr_seg_1024/007-4268-200_EX.png,data/processed/ddr_seg_1024/007-4268-200_HE.png,data/processed/ddr_seg_1024/007-4268-200_MA.png,data/processed/ddr_seg_1024/007-4268-200_SE.png
data/processed/ddr_seg_1024/007-4269-200.jpg,data/processed/ddr_seg_1024/007-4269-200_EX.png,data/processed/ddr_seg_1024/007-4269-200_HE.png,data/processed/ddr_seg_1024/007-4269-200_MA.png,data/processed/ddr_seg_1024/007-4269-200_SE.png
data/processed/ddr_seg_1024/007-4270-200.jpg,data/processed/ddr_seg_1024/007-4270-200_EX.png,data/processed/ddr_seg_1024/007-4270-200_HE.png,data/processed/ddr_seg_1024/007-4270-200_MA.png,data/processed/ddr_seg_1024/007-4270-200_SE.png
data/processed/ddr_seg_1024/007-4271-200.jpg,data/processed/ddr_seg_1024/007-4271-200_EX.png,data/processed/ddr_seg_1024/007-4271-200_HE.png,data/processed/ddr_seg_1024/007-4271-200_MA.png,data/processed/ddr_seg_1024/007-4271-200_SE.png
data/processed/ddr_seg_1024/007-4273-200.jpg,data/processed/ddr_seg_1024/007-4273-200_EX.png,data/processed/ddr_seg_1024/007-4273-200_HE.png,data/processed/ddr_seg_1024/007-4273-200_MA.png,data/processed/ddr_seg_1024/007-4273-200_SE.png
data/processed/ddr_seg_1024/007-4277-200.jpg,data/processed/ddr_seg_1024/007-4277-200_EX.png,data/processed/ddr_seg_1024/007-4277-200_HE.png,data/processed/ddr_seg_1024/007-4277-200_MA.png,data/processed/ddr_seg_1024/007-4277-200_SE.png
data/processed/ddr_seg_1024/007-4282-200.jpg,data/processed/ddr_seg_1024/007-4282-200_EX.png,data/processed/ddr_seg_1024/007-4282-200_HE.png,data/processed/ddr_seg_1024/007-4282-200_MA.png,data/processed/ddr_seg_1024/007-4282-200_SE.png
data/processed/ddr_seg_1024/007-4283-200.jpg,data/processed/ddr_seg_1024/007-4283-200_EX.png,data/processed/ddr_seg_1024/007-4283-200_HE.png,data/processed/ddr_seg_1024/007-4283-200_MA.png,data/processed/ddr_seg_1024/007-4283-200_SE.png
data/processed/ddr_seg_1024/007-4285-200.jpg,data/processed/ddr_seg_1024/007-4285-200_EX.png,data/processed/ddr_seg_1024/007-4285-200_HE.png,data/processed/ddr_seg_1024/007-4285-200_MA.png,data/processed/ddr_seg_1024/007-4285-200_SE.png
data/processed/ddr_seg_1024/007-4310-200.jpg,data/processed/ddr_seg_1024/007-4310-200_EX.png,data/processed/ddr_seg_1024/007-4310-200_HE.png,data/processed/ddr_seg_1024/007-4310-200_MA.png,data/processed/ddr_seg_1024/007-4310-200_SE.png
data/processed/ddr_seg_1024/007-4319-200.jpg,data/processed/ddr_seg_1024/007-4319-200_EX.png,data/processed/ddr_seg_1024/007-4319-200_HE.png,data/processed/ddr_seg_1024/007-4319-200_MA.png,data/processed/ddr_seg_1024/007-4319-200_SE.png
data/processed/ddr_seg_1024/007-4347-200.jpg,data/processed/ddr_seg_1024/007-4347-200_EX.png,data/processed/ddr_seg_1024/007-4347-200_HE.png,data/processed/ddr_seg_1024/007-4347-200_MA.png,data/processed/ddr_seg_1024/007-4347-200_SE.png
data/processed/ddr_seg_1024/007-4465-200.jpg,data/processed/ddr_seg_1024/007-4465-200_EX.png,data/processed/ddr_seg_1024/007-4465-200_HE.png,data/processed/ddr_seg_1024/007-4465-200_MA.png,data/processed/ddr_seg_1024/007-4465-200_SE.png
data/processed/ddr_seg_1024/007-4518-200.jpg,data/processed/ddr_seg_1024/007-4518-200_EX.png,data/processed/ddr_seg_1024/007-4518-200_HE.png,data/processed/ddr_seg_1024/007-4518-200_MA.png,data/processed/ddr_seg_1024/007-4518-200_SE.png
data/processed/ddr_seg_1024/007-4557-200.jpg,data/processed/ddr_seg_1024/007-4557-200_EX.png,data/processed/ddr_seg_1024/007-4557-200_HE.png,data/processed/ddr_seg_1024/007-4557-200_MA.png,data/processed/ddr_seg_1024/007-4557-200_SE.png
data/processed/ddr_seg_1024/007-4566-200.jpg,data/processed/ddr_seg_1024/007-4566-200_EX.png,data/processed/ddr_seg_1024/007-4566-200_HE.png,data/processed/ddr_seg_1024/007-4566-200_MA.png,data/processed/ddr_seg_1024/007-4566-200_SE.png
data/processed/ddr_seg_1024/007-4567-200.jpg,data/processed/ddr_seg_1024/007-4567-200_EX.png,data/processed/ddr_seg_1024/007-4567-200_HE.png,data/processed/ddr_seg_1024/007-4567-200_MA.png,data/processed/ddr_seg_1024/007-4567-200_SE.png
data/processed/ddr_seg_1024/007-4568-200.jpg,data/processed/ddr_seg_1024/007-4568-200_EX.png,data/processed/ddr_seg_1024/007-4568-200_HE.png,data/processed/ddr_seg_1024/007-4568-200_MA.png,data/processed/ddr_seg_1024/007-4568-200_SE.png
data/processed/ddr_seg_1024/007-4571-200.jpg,data/processed/ddr_seg_1024/007-4571-200_EX.png,data/processed/ddr_seg_1024/007-4571-200_HE.png,data/processed/ddr_seg_1024/007-4571-200_MA.png,data/processed/ddr_seg_1024/007-4571-200_SE.png
data/processed/ddr_seg_1024/007-4576-200.jpg,data/processed/ddr_seg_1024/007-4576-200_EX.png,data/processed/ddr_seg_1024/007-4576-200_HE.png,data/processed/ddr_seg_1024/007-4576-200_MA.png,data/processed/ddr_seg_1024/007-4576-200_SE.png
data/processed/ddr_seg_1024/007-4585-200.jpg,data/processed/ddr_seg_1024/007-4585-200_EX.png,data/processed/ddr_seg_1024/007-4585-200_HE.png,data/processed/ddr_seg_1024/007-4585-200_MA.png,data/processed/ddr_seg_1024/007-4585-200_SE.png
data/processed/ddr_seg_1024/007-4586-200.jpg,data/processed/ddr_seg_1024/007-4586-200_EX.png,data/processed/ddr_seg_1024/007-4586-200_HE.png,data/processed/ddr_seg_1024/007-4586-200_MA.png,data/processed/ddr_seg_1024/007-4586-200_SE.png
data/processed/ddr_seg_1024/007-4605-200.jpg,data/processed/ddr_seg_1024/007-4605-200_EX.png,data/processed/ddr_seg_1024/007-4605-200_HE.png,data/processed/ddr_seg_1024/007-4605-200_MA.png,data/processed/ddr_seg_1024/007-4605-200_SE.png
data/processed/ddr_seg_1024/007-4610-200.jpg,data/processed/ddr_seg_1024/007-4610-200_EX.png,data/processed/ddr_seg_1024/007-4610-200_HE.png,data/processed/ddr_seg_1024/007-4610-200_MA.png,data/processed/ddr_seg_1024/007-4610-200_SE.png
data/processed/ddr_seg_1024/007-4613-200.jpg,data/processed/ddr_seg_1024/007-4613-200_EX.png,data/processed/ddr_seg_1024/007-4613-200_HE.png,data/processed/ddr_seg_1024/007-4613-200_MA.png,data/processed/ddr_seg_1024/007-4613-200_SE.png
data/processed/ddr_seg_1024/007-4655-200.jpg,data/processed/ddr_seg_1024/007-4655-200_EX.png,data/processed/ddr_seg_1024/007-4655-200_HE.png,data/processed/ddr_seg_1024/007-4655-200_MA.png,data/processed/ddr_seg_1024/007-4655-200_SE.png
data/processed/ddr_seg_1024/007-4657-200.jpg,data/processed/ddr_seg_1024/007-4657-200_EX.png,data/processed/ddr_seg_1024/007-4657-200_HE.png,data/processed/ddr_seg_1024/007-4657-200_MA.png,data/processed/ddr_seg_1024/007-4657-200_SE.png
data/processed/ddr_seg_1024/007-4660-200.jpg,data/processed/ddr_seg_1024/007-4660-200_EX.png,data/processed/ddr_seg_1024/007-4660-200_HE.png,data/processed/ddr_seg_1024/007-4660-200_MA.png,data/processed/ddr_seg_1024/007-4660-200_SE.png
data/processed/ddr_seg_1024/007-4661-200.jpg,data/processed/ddr_seg_1024/007-4661-200_EX.png,data/processed/ddr_seg_1024/007-4661-200_HE.png,data/processed/ddr_seg_1024/007-4661-200_MA.png,data/processed/ddr_seg_1024/007-4661-200_SE.png
data/processed/ddr_seg_1024/007-4662-200.jpg,data/processed/ddr_seg_1024/007-4662-200_EX.png,data/processed/ddr_seg_1024/007-4662-200_HE.png,data/processed/ddr_seg_1024/007-4662-200_MA.png,data/processed/ddr_seg_1024/007-4662-200_SE.png
data/processed/ddr_seg_1024/007-4667-200.jpg,data/processed/ddr_seg_1024/007-4667-200_EX.png,data/processed/ddr_seg_1024/007-4667-200_HE.png,data/processed/ddr_seg_1024/007-4667-200_MA.png,data/processed/ddr_seg_1024/007-4667-200_SE.png
data/processed/ddr_seg_1024/007-4668-200.jpg,data/processed/ddr_seg_1024/007-4668-200_EX.png,data/processed/ddr_seg_1024/007-4668-200_HE.png,data/processed/ddr_seg_1024/007-4668-200_MA.png,data/processed/ddr_seg_1024/007-4668-200_SE.png
data/processed/ddr_seg_1024/007-4674-200.jpg,data/processed/ddr_seg_1024/007-4674-200_EX.png,data/processed/ddr_seg_1024/007-4674-200_HE.png,data/processed/ddr_seg_1024/007-4674-200_MA.png,data/processed/ddr_seg_1024/007-4674-200_SE.png
data/processed/ddr_seg_1024/007-4680-200.jpg,data/processed/ddr_seg_1024/007-4680-200_EX.png,data/processed/ddr_seg_1024/007-4680-200_HE.png,data/processed/ddr_seg_1024/007-4680-200_MA.png,data/processed/ddr_seg_1024/007-4680-200_SE.png
data/processed/ddr_seg_1024/007-4687-200.jpg,data/processed/ddr_seg_1024/007-4687-200_EX.png,data/processed/ddr_seg_1024/007-4687-200_HE.png,data/processed/ddr_seg_1024/007-4687-200_MA.png,data/processed/ddr_seg_1024/007-4687-200_SE.png
data/processed/ddr_seg_1024/007-4691-200.jpg,data/processed/ddr_seg_1024/007-4691-200_EX.png,data/processed/ddr_seg_1024/007-4691-200_HE.png,data/processed/ddr_seg_1024/007-4691-200_MA.png,data/processed/ddr_seg_1024/007-4691-200_SE.png
data/processed/ddr_seg_1024/007-4733-200.jpg,data/processed/ddr_seg_1024/007-4733-200_EX.png,data/processed/ddr_seg_1024/007-4733-200_HE.png,data/processed/ddr_seg_1024/007-4733-200_MA.png,data/processed/ddr_seg_1024/007-4733-200_SE.png
data/processed/ddr_seg_1024/007-4741-200.jpg,data/processed/ddr_seg_1024/007-4741-200_EX.png,data/processed/ddr_seg_1024/007-4741-200_HE.png,data/processed/ddr_seg_1024/007-4741-200_MA.png,data/processed/ddr_seg_1024/007-4741-200_SE.png
data/processed/ddr_seg_1024/007-4743-200.jpg,data/processed/ddr_seg_1024/007-4743-200_EX.png,data/processed/ddr_seg_1024/007-4743-200_HE.png,data/processed/ddr_seg_1024/007-4743-200_MA.png,data/processed/ddr_seg_1024/007-4743-200_SE.png
data/processed/ddr_seg_1024/007-4747-200.jpg,data/processed/ddr_seg_1024/007-4747-200_EX.png,data/processed/ddr_seg_1024/007-4747-200_HE.png,data/processed/ddr_seg_1024/007-4747-200_MA.png,data/processed/ddr_seg_1024/007-4747-200_SE.png
data/processed/ddr_seg_1024/007-4761-200.jpg,data/processed/ddr_seg_1024/007-4761-200_EX.png,data/processed/ddr_seg_1024/007-4761-200_HE.png,data/processed/ddr_seg_1024/007-4761-200_MA.png,data/processed/ddr_seg_1024/007-4761-200_SE.png
data/processed/ddr_seg_1024/007-4769-200.jpg,data/processed/ddr_seg_1024/007-4769-200_EX.png,data/processed/ddr_seg_1024/007-4769-200_HE.png,data/processed/ddr_seg_1024/007-4769-200_MA.png,data/processed/ddr_seg_1024/007-4769-200_SE.png
data/processed/ddr_seg_1024/007-4815-300.jpg,data/processed/ddr_seg_1024/007-4815-300_EX.png,data/processed/ddr_seg_1024/007-4815-300_HE.png,data/processed/ddr_seg_1024/007-4815-300_MA.png,data/processed/ddr_seg_1024/007-4815-300_SE.png
data/processed/ddr_seg_1024/007-4841-300.jpg,data/processed/ddr_seg_1024/007-4841-300_EX.png,data/processed/ddr_seg_1024/007-4841-300_HE.png,data/processed/ddr_seg_1024/007-4841-300_MA.png,data/processed/ddr_seg_1024/007-4841-300_SE.png
data/processed/ddr_seg_1024/007-4843-300.jpg,data/processed/ddr_seg_1024/007-4843-300_EX.png,data/processed/ddr_seg_1024/007-4843-300_HE.png,data/processed/ddr_seg_1024/007-4843-300_MA.png,data/processed/ddr_seg_1024/007-4843-300_SE.png
data/processed/ddr_seg_1024/007-4847-300.jpg,data/processed/ddr_seg_1024/007-4847-300_EX.png,data/processed/ddr_seg_1024/007-4847-300_HE.png,data/processed/ddr_seg_1024/007-4847-300_MA.png,data/processed/ddr_seg_1024/007-4847-300_SE.png
data/processed/ddr_seg_1024/007-4885-300.jpg,data/processed/ddr_seg_1024/007-4885-300_EX.png,data/processed/ddr_seg_1024/007-4885-300_HE.png,data/processed/ddr_seg_1024/007-4885-300_MA.png,data/processed/ddr_seg_1024/007-4885-300_SE.png
data/processed/ddr_seg_1024/007-4894-300.jpg,data/processed/ddr_seg_1024/007-4894-300_EX.png,data/processed/ddr_seg_1024/007-4894-300_HE.png,data/processed/ddr_seg_1024/007-4894-300_MA.png,data/processed/ddr_seg_1024/007-4894-300_SE.png
data/processed/ddr_seg_1024/007-4895-300.jpg,data/processed/ddr_seg_1024/007-4895-300_EX.png,data/processed/ddr_seg_1024/007-4895-300_HE.png,data/processed/ddr_seg_1024/007-4895-300_MA.png,data/processed/ddr_seg_1024/007-4895-300_SE.png
data/processed/ddr_seg_1024/007-4899-300.jpg,data/processed/ddr_seg_1024/007-4899-300_EX.png,data/processed/ddr_seg_1024/007-4899-300_HE.png,data/processed/ddr_seg_1024/007-4899-300_MA.png,data/processed/ddr_seg_1024/007-4899-300_SE.png
data/processed/ddr_seg_1024/007-4920-300.jpg,data/processed/ddr_seg_1024/007-4920-300_EX.png,data/processed/ddr_seg_1024/007-4920-300_HE.png,data/processed/ddr_seg_1024/007-4920-300_MA.png,data/processed/ddr_seg_1024/007-4920-300_SE.png
data/processed/ddr_seg_1024/007-4936-300.jpg,data/processed/ddr_seg_1024/007-4936-300_EX.png,data/processed/ddr_seg_1024/007-4936-300_HE.png,data/processed/ddr_seg_1024/007-4936-300_MA.png,data/processed/ddr_seg_1024/007-4936-300_SE.png
data/processed/ddr_seg_1024/007-4951-300.jpg,data/processed/ddr_seg_1024/007-4951-300_EX.png,data/processed/ddr_seg_1024/007-4951-300_HE.png,data/processed/ddr_seg_1024/007-4951-300_MA.png,data/processed/ddr_seg_1024/007-4951-300_SE.png
data/processed/ddr_seg_1024/007-4952-300.jpg,data/processed/ddr_seg_1024/007-4952-300_EX.png,data/processed/ddr_seg_1024/007-4952-300_HE.png,data/processed/ddr_seg_1024/007-4952-300_MA.png,data/processed/ddr_seg_1024/007-4952-300_SE.png
data/processed/ddr_seg_1024/007-4960-300.jpg,data/processed/ddr_seg_1024/007-4960-300_EX.png,data/processed/ddr_seg_1024/007-4960-300_HE.png,data/processed/ddr_seg_1024/007-4960-300_MA.png,data/processed/ddr_seg_1024/007-4960-300_SE.png
data/processed/ddr_seg_1024/007-4961-300.jpg,data/processed/ddr_seg_1024/007-4961-300_EX.png,data/processed/ddr_seg_1024/007-4961-300_HE.png,data/processed/ddr_seg_1024/007-4961-300_MA.png,data/processed/ddr_seg_1024/007-4961-300_SE.png
data/processed/ddr_seg_1024/007-4980-300.jpg,data/processed/ddr_seg_1024/007-4980-300_EX.png,data/processed/ddr_seg_1024/007-4980-300_HE.png,data/processed/ddr_seg_1024/007-4980-300_MA.png,data/processed/ddr_seg_1024/007-4980-300_SE.png
data/processed/ddr_seg_1024/007-4991-300.jpg,data/processed/ddr_seg_1024/007-4991-300_EX.png,data/processed/ddr_seg_1024/007-4991-300_HE.png,data/processed/ddr_seg_1024/007-4991-300_MA.png,data/processed/ddr_seg_1024/007-4991-300_SE.png
data/processed/ddr_seg_1024/007-4996-300.jpg,data/processed/ddr_seg_1024/007-4996-300_EX.png,data/processed/ddr_seg_1024/007-4996-300_HE.png,data/processed/ddr_seg_1024/007-4996-300_MA.png,data/processed/ddr_seg_1024/007-4996-300_SE.png
data/processed/ddr_seg_1024/007-5005-300.jpg,data/processed/ddr_seg_1024/007-5005-300_EX.png,data/processed/ddr_seg_1024/007-5005-300_HE.png,data/processed/ddr_seg_1024/007-5005-300_MA.png,data/processed/ddr_seg_1024/007-5005-300_SE.png
data/processed/ddr_seg_1024/007-5063-300.jpg,data/processed/ddr_seg_1024/007-5063-300_EX.png,data/processed/ddr_seg_1024/007-5063-300_HE.png,data/processed/ddr_seg_1024/007-5063-300_MA.png,data/processed/ddr_seg_1024/007-5063-300_SE.png
data/processed/ddr_seg_1024/007-5064-300.jpg,data/processed/ddr_seg_1024/007-5064-300_EX.png,data/processed/ddr_seg_1024/007-5064-300_HE.png,data/processed/ddr_seg_1024/007-5064-300_MA.png,data/processed/ddr_seg_1024/007-5064-300_SE.png
data/processed/ddr_seg_1024/007-5079-300.jpg,data/processed/ddr_seg_1024/007-5079-300_EX.png,data/processed/ddr_seg_1024/007-5079-300_HE.png,data/processed/ddr_seg_1024/007-5079-300_MA.png,data/processed/ddr_seg_1024/007-5079-300_SE.png
data/processed/ddr_seg_1024/007-5087-300.jpg,data/processed/ddr_seg_1024/007-5087-300_EX.png,data/processed/ddr_seg_1024/007-5087-300_HE.png,data/processed/ddr_seg_1024/007-5087-300_MA.png,data/processed/ddr_seg_1024/007-5087-300_SE.png
data/processed/ddr_seg_1024/007-5100-300.jpg,data/processed/ddr_seg_1024/007-5100-300_EX.png,data/processed/ddr_seg_1024/007-5100-300_HE.png,data/processed/ddr_seg_1024/007-5100-300_MA.png,data/processed/ddr_seg_1024/007-5100-300_SE.png
data/processed/ddr_seg_1024/007-5106-300.jpg,data/processed/ddr_seg_1024/007-5106-300_EX.png,data/processed/ddr_seg_1024/007-5106-300_HE.png,data/processed/ddr_seg_1024/007-5106-300_MA.png,data/processed/ddr_seg_1024/007-5106-300_SE.png
data/processed/ddr_seg_1024/007-5126-300.jpg,data/processed/ddr_seg_1024/007-5126-300_EX.png,data/processed/ddr_seg_1024/007-5126-300_HE.png,data/processed/ddr_seg_1024/007-5126-300_MA.png,data/processed/ddr_seg_1024/007-5126-300_SE.png
data/processed/ddr_seg_1024/007-5129-300.jpg,data/processed/ddr_seg_1024/007-5129-300_EX.png,data/processed/ddr_seg_1024/007-5129-300_HE.png,data/processed/ddr_seg_1024/007-5129-300_MA.png,data/processed/ddr_seg_1024/007-5129-300_SE.png
data/processed/ddr_seg_1024/007-5133-300.jpg,data/processed/ddr_seg_1024/007-5133-300_EX.png,data/processed/ddr_seg_1024/007-5133-300_HE.png,data/processed/ddr_seg_1024/007-5133-300_MA.png,data/processed/ddr_seg_1024/007-5133-300_SE.png
data/processed/ddr_seg_1024/007-5135-300.jpg,data/processed/ddr_seg_1024/007-5135-300_EX.png,data/processed/ddr_seg_1024/007-5135-300_HE.png,data/processed/ddr_seg_1024/007-5135-300_MA.png,data/processed/ddr_seg_1024/007-5135-300_SE.png
data/processed/ddr_seg_1024/007-5169-300.jpg,data/processed/ddr_seg_1024/007-5169-300_EX.png,data/processed/ddr_seg_1024/007-5169-300_HE.png,data/processed/ddr_seg_1024/007-5169-300_MA.png,data/processed/ddr_seg_1024/007-5169-300_SE.png
data/processed/ddr_seg_1024/007-5172-300.jpg,data/processed/ddr_seg_1024/007-5172-300_EX.png,data/processed/ddr_seg_1024/007-5172-300_HE.png,data/processed/ddr_seg_1024/007-5172-300_MA.png,data/processed/ddr_seg_1024/007-5172-300_SE.png
data/processed/ddr_seg_1024/007-5267-300.jpg,data/processed/ddr_seg_1024/007-5267-300_EX.png,data/processed/ddr_seg_1024/007-5267-300_HE.png,data/processed/ddr_seg_1024/007-5267-300_MA.png,data/processed/ddr_seg_1024/007-5267-300_SE.png
data/processed/ddr_seg_1024/007-5269-300.jpg,data/processed/ddr_seg_1024/007-5269-300_EX.png,data/processed/ddr_seg_1024/007-5269-300_HE.png,data/processed/ddr_seg_1024/007-5269-300_MA.png,data/processed/ddr_seg_1024/007-5269-300_SE.png
data/processed/ddr_seg_1024/007-5285-300.jpg,data/processed/ddr_seg_1024/007-5285-300_EX.png,data/processed/ddr_seg_1024/007-5285-300_HE.png,data/processed/ddr_seg_1024/007-5285-300_MA.png,data/processed/ddr_seg_1024/007-5285-300_SE.png
data/processed/ddr_seg_1024/007-5286-300.jpg,data/processed/ddr_seg_1024/007-5286-300_EX.png,data/processed/ddr_seg_1024/007-5286-300_HE.png,data/processed/ddr_seg_1024/007-5286-300_MA.png,data/processed/ddr_seg_1024/007-5286-300_SE.png
data/processed/ddr_seg_1024/007-5296-300.jpg,data/processed/ddr_seg_1024/007-5296-300_EX.png,data/processed/ddr_seg_1024/007-5296-300_HE.png,data/processed/ddr_seg_1024/007-5296-300_MA.png,data/processed/ddr_seg_1024/007-5296-300_SE.png
data/processed/ddr_seg_1024/007-5310-300.jpg,data/processed/ddr_seg_1024/007-5310-300_EX.png,data/processed/ddr_seg_1024/007-5310-300_HE.png,data/processed/ddr_seg_1024/007-5310-300_MA.png,data/processed/ddr_seg_1024/007-5310-300_SE.png
data/processed/ddr_seg_1024/007-5311-300.jpg,data/processed/ddr_seg_1024/007-5311-300_EX.png,data/processed/ddr_seg_1024/007-5311-300_HE.png,data/processed/ddr_seg_1024/007-5311-300_MA.png,data/processed/ddr_seg_1024/007-5311-300_SE.png
data/processed/ddr_seg_1024/007-5312-300.jpg,data/processed/ddr_seg_1024/007-5312-300_EX.png,data/processed/ddr_seg_1024/007-5312-300_HE.png,data/processed/ddr_seg_1024/007-5312-300_MA.png,data/processed/ddr_seg_1024/007-5312-300_SE.png
data/processed/ddr_seg_1024/007-5320-300.jpg,data/processed/ddr_seg_1024/007-5320-300_EX.png,data/processed/ddr_seg_1024/007-5320-300_HE.png,data/processed/ddr_seg_1024/007-5320-300_MA.png,data/processed/ddr_seg_1024/007-5320-300_SE.png
data/processed/ddr_seg_1024/007-5331-300.jpg,data/processed/ddr_seg_1024/007-5331-300_EX.png,data/processed/ddr_seg_1024/007-5331-300_HE.png,data/processed/ddr_seg_1024/007-5331-300_MA.png,data/processed/ddr_seg_1024/007-5331-300_SE.png
data/processed/ddr_seg_1024/007-5335-300.jpg,data/processed/ddr_seg_1024/007-5335-300_EX.png,data/processed/ddr_seg_1024/007-5335-300_HE.png,data/processed/ddr_seg_1024/007-5335-300_MA.png,data/processed/ddr_seg_1024/007-5335-300_SE.png
data/processed/ddr_seg_1024/007-5337-300.jpg,data/processed/ddr_seg_1024/007-5337-300_EX.png,data/processed/ddr_seg_1024/007-5337-300_HE.png,data/processed/ddr_seg_1024/007-5337-300_MA.png,data/processed/ddr_seg_1024/007-5337-300_SE.png
data/processed/ddr_seg_1024/007-5344-300.jpg,data/processed/ddr_seg_1024/007-5344-300_EX.png,data/processed/ddr_seg_1024/007-5344-300_HE.png,data/processed/ddr_seg_1024/007-5344-300_MA.png,data/processed/ddr_seg_1024/007-5344-300_SE.png
data/processed/ddr_seg_1024/007-5345-300.jpg,data/processed/ddr_seg_1024/007-5345-300_EX.png,data/processed/ddr_seg_1024/007-5345-300_HE.png,data/processed/ddr_seg_1024/007-5345-300_MA.png,data/processed/ddr_seg_1024/007-5345-300_SE.png
data/processed/ddr_seg_1024/007-5346-300.jpg,data/processed/ddr_seg_1024/007-5346-300_EX.png,data/processed/ddr_seg_1024/007-5346-300_HE.png,data/processed/ddr_seg_1024/007-5346-300_MA.png,data/processed/ddr_seg_1024/007-5346-300_SE.png
data/processed/ddr_seg_1024/007-5347-300.jpg,data/processed/ddr_seg_1024/007-5347-300_EX.png,data/processed/ddr_seg_1024/007-5347-300_HE.png,data/processed/ddr_seg_1024/007-5347-300_MA.png,data/processed/ddr_seg_1024/007-5347-300_SE.png
data/processed/ddr_seg_1024/007-5394-300.jpg,data/processed/ddr_seg_1024/007-5394-300_EX.png,data/processed/ddr_seg_1024/007-5394-300_HE.png,data/processed/ddr_seg_1024/007-5394-300_MA.png,data/processed/ddr_seg_1024/007-5394-300_SE.png
data/processed/ddr_seg_1024/007-5395-300.jpg,data/processed/ddr_seg_1024/007-5395-300_EX.png,data/processed/ddr_seg_1024/007-5395-300_HE.png,data/processed/ddr_seg_1024/007-5395-300_MA.png,data/processed/ddr_seg_1024/007-5395-300_SE.png
data/processed/ddr_seg_1024/007-5396-300.jpg,data/processed/ddr_seg_1024/007-5396-300_EX.png,data/processed/ddr_seg_1024/007-5396-300_HE.png,data/processed/ddr_seg_1024/007-5396-300_MA.png,data/processed/ddr_seg_1024/007-5396-300_SE.png
data/processed/ddr_seg_1024/007-5397-300.jpg,data/processed/ddr_seg_1024/007-5397-300_EX.png,data/processed/ddr_seg_1024/007-5397-300_HE.png,data/processed/ddr_seg_1024/007-5397-300_MA.png,data/processed/ddr_seg_1024/007-5397-300_SE.png
data/processed/ddr_seg_1024/007-5416-300.jpg,data/processed/ddr_seg_1024/007-5416-300_EX.png,data/processed/ddr_seg_1024/007-5416-300_HE.png,data/processed/ddr_seg_1024/007-5416-300_MA.png,data/processed/ddr_seg_1024/007-5416-300_SE.png
data/processed/ddr_seg_1024/007-5434-300.jpg,data/processed/ddr_seg_1024/007-5434-300_EX.png,data/processed/ddr_seg_1024/007-5434-300_HE.png,data/processed/ddr_seg_1024/007-5434-300_MA.png,data/processed/ddr_seg_1024/007-5434-300_SE.png
data/processed/ddr_seg_1024/007-5435-300.jpg,data/processed/ddr_seg_1024/007-5435-300_EX.png,data/processed/ddr_seg_1024/007-5435-300_HE.png,data/processed/ddr_seg_1024/007-5435-300_MA.png,data/processed/ddr_seg_1024/007-5435-300_SE.png
data/processed/ddr_seg_1024/007-5443-300.jpg,data/processed/ddr_seg_1024/007-5443-300_EX.png,data/processed/ddr_seg_1024/007-5443-300_HE.png,data/processed/ddr_seg_1024/007-5443-300_MA.png,data/processed/ddr_seg_1024/007-5443-300_SE.png
data/processed/ddr_seg_1024/007-5452-300.jpg,data/processed/ddr_seg_1024/007-5452-300_EX.png,data/processed/ddr_seg_1024/007-5452-300_HE.png,data/processed/ddr_seg_1024/007-5452-300_MA.png,data/processed/ddr_seg_1024/007-5452-300_SE.png
data/processed/ddr_seg_1024/007-5454-300.jpg,data/processed/ddr_seg_1024/007-5454-300_EX.png,data/processed/ddr_seg_1024/007-5454-300_HE.png,data/processed/ddr_seg_1024/007-5454-300_MA.png,data/processed/ddr_seg_1024/007-5454-300_SE.png
data/processed/ddr_seg_1024/007-5457-300.jpg,data/processed/ddr_seg_1024/007-5457-300_EX.png,data/processed/ddr_seg_1024/007-5457-300_HE.png,data/processed/ddr_seg_1024/007-5457-300_MA.png,data/processed/ddr_seg_1024/007-5457-300_SE.png
data/processed/ddr_seg_1024/007-5458-300.jpg,data/processed/ddr_seg_1024/007-5458-300_EX.png,data/processed/ddr_seg_1024/007-5458-300_HE.png,data/processed/ddr_seg_1024/007-5458-300_MA.png,data/processed/ddr_seg_1024/007-5458-300_SE.png
data/processed/ddr_seg_1024/007-5459-300.jpg,data/processed/ddr_seg_1024/007-5459-300_EX.png,data/processed/ddr_seg_1024/007-5459-300_HE.png,data/processed/ddr_seg_1024/007-5459-300_MA.png,data/processed/ddr_seg_1024/007-5459-300_SE.png
data/processed/ddr_seg_1024/007-5467-300.jpg,data/processed/ddr_seg_1024/007-5467-300_EX.png,data/processed/ddr_seg_1024/007-5467-300_HE.png,data/processed/ddr_seg_1024/007-5467-300_MA.png,data/processed/ddr_seg_1024/007-5467-300_SE.png
data/processed/ddr_seg_1024/007-5469-300.jpg,data/processed/ddr_seg_1024/007-5469-300_EX.png,data/processed/ddr_seg_1024/007-5469-300_HE.png,data/processed/ddr_seg_1024/007-5469-300_MA.png,data/processed/ddr_seg_1024/007-5469-300_SE.png
data/processed/ddr_seg_1024/007-5470-300.jpg,data/processed/ddr_seg_1024/007-5470-300_EX.png,data/processed/ddr_seg_1024/007-5470-300_HE.png,data/processed/ddr_seg_1024/007-5470-300_MA.png,data/processed/ddr_seg_1024/007-5470-300_SE.png
data/processed/ddr_seg_1024/007-5474-300.jpg,data/processed/ddr_seg_1024/007-5474-300_EX.png,data/processed/ddr_seg_1024/007-5474-300_HE.png,data/processed/ddr_seg_1024/007-5474-300_MA.png,data/processed/ddr_seg_1024/007-5474-300_SE.png
data/processed/ddr_seg_1024/007-5492-300.jpg,data/processed/ddr_seg_1024/007-5492-300_EX.png,data/processed/ddr_seg_1024/007-5492-300_HE.png,data/processed/ddr_seg_1024/007-5492-300_MA.png,data/processed/ddr_seg_1024/007-5492-300_SE.png
data/processed/ddr_seg_1024/007-5501-300.jpg,data/processed/ddr_seg_1024/007-5501-300_EX.png,data/processed/ddr_seg_1024/007-5501-300_HE.png,data/processed/ddr_seg_1024/007-5501-300_MA.png,data/processed/ddr_seg_1024/007-5501-300_SE.png
data/processed/ddr_seg_1024/007-5504-300.jpg,data/processed/ddr_seg_1024/007-5504-300_EX.png,data/processed/ddr_seg_1024/007-5504-300_HE.png,data/processed/ddr_seg_1024/007-5504-300_MA.png,data/processed/ddr_seg_1024/007-5504-300_SE.png
data/processed/ddr_seg_1024/007-5505-300.jpg,data/processed/ddr_seg_1024/007-5505-300_EX.png,data/processed/ddr_seg_1024/007-5505-300_HE.png,data/processed/ddr_seg_1024/007-5505-300_MA.png,data/processed/ddr_seg_1024/007-5505-300_SE.png
data/processed/ddr_seg_1024/007-5506-300.jpg,data/processed/ddr_seg_1024/007-5506-300_EX.png,data/processed/ddr_seg_1024/007-5506-300_HE.png,data/processed/ddr_seg_1024/007-5506-300_MA.png,data/processed/ddr_seg_1024/007-5506-300_SE.png
data/processed/ddr_seg_1024/007-5507-300.jpg,data/processed/ddr_seg_1024/007-5507-300_EX.png,data/processed/ddr_seg_1024/007-5507-300_HE.png,data/processed/ddr_seg_1024/007-5507-300_MA.png,data/processed/ddr_seg_1024/007-5507-300_SE.png
data/processed/ddr_seg_1024/007-5510-300.jpg,data/processed/ddr_seg_1024/007-5510-300_EX.png,data/processed/ddr_seg_1024/007-5510-300_HE.png,data/processed/ddr_seg_1024/007-5510-300_MA.png,data/processed/ddr_seg_1024/007-5510-300_SE.png
data/processed/ddr_seg_1024/007-5511-300.jpg,data/processed/ddr_seg_1024/007-5511-300_EX.png,data/processed/ddr_seg_1024/007-5511-300_HE.png,data/processed/ddr_seg_1024/007-5511-300_MA.png,data/processed/ddr_seg_1024/007-5511-300_SE.png
data/processed/ddr_seg_1024/007-5512-300.jpg,data/processed/ddr_seg_1024/007-5512-300_EX.png,data/processed/ddr_seg_1024/007-5512-300_HE.png,data/processed/ddr_seg_1024/007-5512-300_MA.png,data/processed/ddr_seg_1024/007-5512-300_SE.png
data/processed/ddr_seg_1024/007-5514-300.jpg,data/processed/ddr_seg_1024/007-5514-300_EX.png,data/processed/ddr_seg_1024/007-5514-300_HE.png,data/processed/ddr_seg_1024/007-5514-300_MA.png,data/processed/ddr_seg_1024/007-5514-300_SE.png
data/processed/ddr_seg_1024/007-5518-300.jpg,data/processed/ddr_seg_1024/007-5518-300_EX.png,data/processed/ddr_seg_1024/007-5518-300_HE.png,data/processed/ddr_seg_1024/007-5518-300_MA.png,data/processed/ddr_seg_1024/007-5518-300_SE.png
data/processed/ddr_seg_1024/007-5526-300.jpg,data/processed/ddr_seg_1024/007-5526-300_EX.png,data/processed/ddr_seg_1024/007-5526-300_HE.png,data/processed/ddr_seg_1024/007-5526-300_MA.png,data/processed/ddr_seg_1024/007-5526-300_SE.png
data/processed/ddr_seg_1024/007-5530-300.jpg,data/processed/ddr_seg_1024/007-5530-300_EX.png,data/processed/ddr_seg_1024/007-5530-300_HE.png,data/processed/ddr_seg_1024/007-5530-300_MA.png,data/processed/ddr_seg_1024/007-5530-300_SE.png
data/processed/ddr_seg_1024/007-5535-300.jpg,data/processed/ddr_seg_1024/007-5535-300_EX.png,data/processed/ddr_seg_1024/007-5535-300_HE.png,data/processed/ddr_seg_1024/007-5535-300_MA.png,data/processed/ddr_seg_1024/007-5535-300_SE.png
data/processed/ddr_seg_1024/007-5567-300.jpg,data/processed/ddr_seg_1024/007-5567-300_EX.png,data/processed/ddr_seg_1024/007-5567-300_HE.png,data/processed/ddr_seg_1024/007-5567-300_MA.png,data/processed/ddr_seg_1024/007-5567-300_SE.png
data/processed/ddr_seg_1024/007-5617-300.jpg,data/processed/ddr_seg_1024/007-5617-300_EX.png,data/processed/ddr_seg_1024/007-5617-300_HE.png,data/processed/ddr_seg_1024/007-5617-300_MA.png,data/processed/ddr_seg_1024/007-5617-300_SE.png
data/processed/ddr_seg_1024/007-5623-300.jpg,data/processed/ddr_seg_1024/007-5623-300_EX.png,data/processed/ddr_seg_1024/007-5623-300_HE.png,data/processed/ddr_seg_1024/007-5623-300_MA.png,data/processed/ddr_seg_1024/007-5623-300_SE.png
data/processed/ddr_seg_1024/007-5625-300.jpg,data/processed/ddr_seg_1024/007-5625-300_EX.png,data/processed/ddr_seg_1024/007-5625-300_HE.png,data/processed/ddr_seg_1024/007-5625-300_MA.png,data/processed/ddr_seg_1024/007-5625-300_SE.png
data/processed/ddr_seg_1024/007-5639-300.jpg,data/processed/ddr_seg_1024/007-5639-300_EX.png,data/processed/ddr_seg_1024/007-5639-300_HE.png,data/processed/ddr_seg_1024/007-5639-300_MA.png,data/processed/ddr_seg_1024/007-5639-300_SE.png
data/processed/ddr_seg_1024/007-5640-300.jpg,data/processed/ddr_seg_1024/007-5640-300_EX.png,data/processed/ddr_seg_1024/007-5640-300_HE.png,data/processed/ddr_seg_1024/007-5640-300_MA.png,data/processed/ddr_seg_1024/007-5640-300_SE.png
data/processed/ddr_seg_1024/007-5672-300.jpg,data/processed/ddr_seg_1024/007-5672-300_EX.png,data/processed/ddr_seg_1024/007-5672-300_HE.png,data/processed/ddr_seg_1024/007-5672-300_MA.png,data/processed/ddr_seg_1024/007-5672-300_SE.png
data/processed/ddr_seg_1024/007-5685-300.jpg,data/processed/ddr_seg_1024/007-5685-300_EX.png,data/processed/ddr_seg_1024/007-5685-300_HE.png,data/processed/ddr_seg_1024/007-5685-300_MA.png,data/processed/ddr_seg_1024/007-5685-300_SE.png
data/processed/ddr_seg_1024/007-5688-300.jpg,data/processed/ddr_seg_1024/007-5688-300_EX.png,data/processed/ddr_seg_1024/007-5688-300_HE.png,data/processed/ddr_seg_1024/007-5688-300_MA.png,data/processed/ddr_seg_1024/007-5688-300_SE.png
data/processed/ddr_seg_1024/007-5694-300.jpg,data/processed/ddr_seg_1024/007-5694-300_EX.png,data/processed/ddr_seg_1024/007-5694-300_HE.png,data/processed/ddr_seg_1024/007-5694-300_MA.png,data/processed/ddr_seg_1024/007-5694-300_SE.png
data/processed/ddr_seg_1024/007-5701-300.jpg,data/processed/ddr_seg_1024/007-5701-300_EX.png,data/processed/ddr_seg_1024/007-5701-300_HE.png,data/processed/ddr_seg_1024/007-5701-300_MA.png,data/processed/ddr_seg_1024/007-5701-300_SE.png
data/processed/ddr_seg_1024/007-5728-300.jpg,data/processed/ddr_seg_1024/007-5728-300_EX.png,data/processed/ddr_seg_1024/007-5728-300_HE.png,data/processed/ddr_seg_1024/007-5728-300_MA.png,data/processed/ddr_seg_1024/007-5728-300_SE.png
data/processed/ddr_seg_1024/007-5885-300.jpg,data/processed/ddr_seg_1024/007-5885-300_EX.png,data/processed/ddr_seg_1024/007-5885-300_HE.png,data/processed/ddr_seg_1024/007-5885-300_MA.png,data/processed/ddr_seg_1024/007-5885-300_SE.png
data/processed/ddr_seg_1024/007-5892-300.jpg,data/processed/ddr_seg_1024/007-5892-300_EX.png,data/processed/ddr_seg_1024/007-5892-300_HE.png,data/processed/ddr_seg_1024/007-5892-300_MA.png,data/processed/ddr_seg_1024/007-5892-300_SE.png
data/processed/ddr_seg_1024/007-5933-300.jpg,data/processed/ddr_seg_1024/007-5933-300_EX.png,data/processed/ddr_seg_1024/007-5933-300_HE.png,data/processed/ddr_seg_1024/007-5933-300_MA.png,data/processed/ddr_seg_1024/007-5933-300_SE.png
data/processed/ddr_seg_1024/007-6093-300.jpg,data/processed/ddr_seg_1024/007-6093-300_EX.png,data/processed/ddr_seg_1024/007-6093-300_HE.png,data/processed/ddr_seg_1024/007-6093-300_MA.png,data/processed/ddr_seg_1024/007-6093-300_SE.png
data/processed/ddr_seg_1024/007-6148-300.jpg,data/processed/ddr_seg_1024/007-6148-300_EX.png,data/processed/ddr_seg_1024/007-6148-300_HE.png,data/processed/ddr_seg_1024/007-6148-300_MA.png,data/processed/ddr_seg_1024/007-6148-300_SE.png
data/processed/ddr_seg_1024/007-6160-300.jpg,data/processed/ddr_seg_1024/007-6160-300_EX.png,data/processed/ddr_seg_1024/007-6160-300_HE.png,data/processed/ddr_seg_1024/007-6160-300_MA.png,data/processed/ddr_seg_1024/007-6160-300_SE.png
data/processed/ddr_seg_1024/007-6320-400.jpg,data/processed/ddr_seg_1024/007-6320-400_EX.png,data/processed/ddr_seg_1024/007-6320-400_HE.png,data/processed/ddr_seg_1024/007-6320-400_MA.png,data/processed/ddr_seg_1024/007-6320-400_SE.png
data/processed/ddr_seg_1024/007-6335-400.jpg,data/processed/ddr_seg_1024/007-6335-400_EX.png,data/processed/ddr_seg_1024/007-6335-400_HE.png,data/processed/ddr_seg_1024/007-6335-400_MA.png,data/processed/ddr_seg_1024/007-6335-400_SE.png
data/processed/ddr_seg_1024/007-6361-400.jpg,data/processed/ddr_seg_1024/007-6361-400_EX.png,data/processed/ddr_seg_1024/007-6361-400_HE.png,data/processed/ddr_seg_1024/007-6361-400_MA.png,data/processed/ddr_seg_1024/007-6361-400_SE.png
data/processed/ddr_seg_1024/007-6363-400.jpg,data/processed/ddr_seg_1024/007-6363-400_EX.png,data/processed/ddr_seg_1024/007-6363-400_HE.png,data/processed/ddr_seg_1024/007-6363-400_MA.png,data/processed/ddr_seg_1024/007-6363-400_SE.png
data/processed/ddr_seg_1024/007-6383-400.jpg,data/processed/ddr_seg_1024/007-6383-400_EX.png,data/processed/ddr_seg_1024/007-6383-400_HE.png,data/processed/ddr_seg_1024/007-6383-400_MA.png,data/processed/ddr_seg_1024/007-6383-400_SE.png
data/processed/ddr_seg_1024/007-6392-400.jpg,data/processed/ddr_seg_1024/007-6392-400_EX.png,data/processed/ddr_seg_1024/007-6392-400_HE.png,data/processed/ddr_seg_1024/007-6392-400_MA.png,data/processed/ddr_seg_1024/007-6392-400_SE.png
data/processed/ddr_seg_1024/007-6475-400.jpg,data/processed/ddr_seg_1024/007-6475-400_EX.png,data/processed/ddr_seg_1024/007-6475-400_HE.png,data/processed/ddr_seg_1024/007-6475-400_MA.png,data/processed/ddr_seg_1024/007-6475-400_SE.png
data/processed/ddr_seg_1024/007-6505-400.jpg,data/processed/ddr_seg_1024/007-6505-400_EX.png,data/processed/ddr_seg_1024/007-6505-400_HE.png,data/processed/ddr_seg_1024/007-6505-400_MA.png,data/processed/ddr_seg_1024/007-6505-400_SE.png
data/processed/ddr_seg_1024/007-6519-400.jpg,data/processed/ddr_seg_1024/007-6519-400_EX.png,data/processed/ddr_seg_1024/007-6519-400_HE.png,data/processed/ddr_seg_1024/007-6519-400_MA.png,data/processed/ddr_seg_1024/007-6519-400_SE.png
data/processed/ddr_seg_1024/007-6520-400.jpg,data/processed/ddr_seg_1024/007-6520-400_EX.png,data/processed/ddr_seg_1024/007-6520-400_HE.png,data/processed/ddr_seg_1024/007-6520-400_MA.png,data/processed/ddr_seg_1024/007-6520-400_SE.png
data/processed/ddr_seg_1024/007-6545-400.jpg,data/processed/ddr_seg_1024/007-6545-400_EX.png,data/processed/ddr_seg_1024/007-6545-400_HE.png,data/processed/ddr_seg_1024/007-6545-400_MA.png,data/processed/ddr_seg_1024/007-6545-400_SE.png
data/processed/ddr_seg_1024/007-6547-400.jpg,data/processed/ddr_seg_1024/007-6547-400_EX.png,data/processed/ddr_seg_1024/007-6547-400_HE.png,data/processed/ddr_seg_1024/007-6547-400_MA.png,data/processed/ddr_seg_1024/007-6547-400_SE.png
data/processed/ddr_seg_1024/007-6551-400.jpg,data/processed/ddr_seg_1024/007-6551-400_EX.png,data/processed/ddr_seg_1024/007-6551-400_HE.png,data/processed/ddr_seg_1024/007-6551-400_MA.png,data/processed/ddr_seg_1024/007-6551-400_SE.png
data/processed/ddr_seg_1024/007-6562-400.jpg,data/processed/ddr_seg_1024/007-6562-400_EX.png,data/processed/ddr_seg_1024/007-6562-400_HE.png,data/processed/ddr_seg_1024/007-6562-400_MA.png,data/processed/ddr_seg_1024/007-6562-400_SE.png
data/processed/ddr_seg_1024/007-6573-400.jpg,data/processed/ddr_seg_1024/007-6573-400_EX.png,data/processed/ddr_seg_1024/007-6573-400_HE.png,data/processed/ddr_seg_1024/007-6573-400_MA.png,data/processed/ddr_seg_1024/007-6573-400_SE.png
data/processed/ddr_seg_1024/007-6577-400.jpg,data/processed/ddr_seg_1024/007-6577-400_EX.png,data/processed/ddr_seg_1024/007-6577-400_HE.png,data/processed/ddr_seg_1024/007-6577-400_MA.png,data/processed/ddr_seg_1024/007-6577-400_SE.png
data/processed/ddr_seg_1024/007-6590-400.jpg,data/processed/ddr_seg_1024/007-6590-400_EX.png,data/processed/ddr_seg_1024/007-6590-400_HE.png,data/processed/ddr_seg_1024/007-6590-400_MA.png,data/processed/ddr_seg_1024/007-6590-400_SE.png
data/processed/ddr_seg_1024/007-6606-400.jpg,data/processed/ddr_seg_1024/007-6606-400_EX.png,data/processed/ddr_seg_1024/007-6606-400_HE.png,data/processed/ddr_seg_1024/007-6606-400_MA.png,data/processed/ddr_seg_1024/007-6606-400_SE.png
data/processed/ddr_seg_1024/007-6608-400.jpg,data/processed/ddr_seg_1024/007-6608-400_EX.png,data/processed/ddr_seg_1024/007-6608-400_HE.png,data/processed/ddr_seg_1024/007-6608-400_MA.png,data/processed/ddr_seg_1024/007-6608-400_SE.png
data/processed/ddr_seg_1024/007-6612-400.jpg,data/processed/ddr_seg_1024/007-6612-400_EX.png,data/processed/ddr_seg_1024/007-6612-400_HE.png,data/processed/ddr_seg_1024/007-6612-400_MA.png,data/processed/ddr_seg_1024/007-6612-400_SE.png
data/processed/ddr_seg_1024/007-6615-400.jpg,data/processed/ddr_seg_1024/007-6615-400_EX.png,data/processed/ddr_seg_1024/007-6615-400_HE.png,data/processed/ddr_seg_1024/007-6615-400_MA.png,data/processed/ddr_seg_1024/007-6615-400_SE.png
data/processed/ddr_seg_1024/007-6674-400.jpg,data/processed/ddr_seg_1024/007-6674-400_EX.png,data/processed/ddr_seg_1024/007-6674-400_HE.png,data/processed/ddr_seg_1024/007-6674-400_MA.png,data/processed/ddr_seg_1024/007-6674-400_SE.png
data/processed/ddr_seg_1024/007-6676-400.jpg,data/processed/ddr_seg_1024/007-6676-400_EX.png,data/processed/ddr_seg_1024/007-6676-400_HE.png,data/processed/ddr_seg_1024/007-6676-400_MA.png,data/processed/ddr_seg_1024/007-6676-400_SE.png
data/processed/ddr_seg_1024/007-6686-400.jpg,data/processed/ddr_seg_1024/007-6686-400_EX.png,data/processed/ddr_seg_1024/007-6686-400_HE.png,data/processed/ddr_seg_1024/007-6686-400_MA.png,data/processed/ddr_seg_1024/007-6686-400_SE.png
data/processed/ddr_seg_1024/007-6713-400.jpg,data/processed/ddr_seg_1024/007-6713-400_EX.png,data/processed/ddr_seg_1024/007-6713-400_HE.png,data/processed/ddr_seg_1024/007-6713-400_MA.png,data/processed/ddr_seg_1024/007-6713-400_SE.png
data/processed/ddr_seg_1024/007-6717-400.jpg,data/processed/ddr_seg_1024/007-6717-400_EX.png,data/processed/ddr_seg_1024/007-6717-400_HE.png,data/processed/ddr_seg_1024/007-6717-400_MA.png,data/processed/ddr_seg_1024/007-6717-400_SE.png
data/processed/ddr_seg_1024/007-6721-400.jpg,data/processed/ddr_seg_1024/007-6721-400_EX.png,data/processed/ddr_seg_1024/007-6721-400_HE.png,data/processed/ddr_seg_1024/007-6721-400_MA.png,data/processed/ddr_seg_1024/007-6721-400_SE.png
data/processed/ddr_seg_1024/007-6722-400.jpg,data/processed/ddr_seg_1024/007-6722-400_EX.png,data/processed/ddr_seg_1024/007-6722-400_HE.png,data/processed/ddr_seg_1024/007-6722-400_MA.png,data/processed/ddr_seg_1024/007-6722-400_SE.png
data/processed/ddr_seg_1024/007-6815-400.jpg,data/processed/ddr_seg_1024/007-6815-400_EX.png,data/processed/ddr_seg_1024/007-6815-400_HE.png,data/processed/ddr_seg_1024/007-6815-400_MA.png,data/processed/ddr_seg_1024/007-6815-400_SE.png
data/processed/ddr_seg_1024/007-6847-400.jpg,data/processed/ddr_seg_1024/007-6847-400_EX.png,data/processed/ddr_seg_1024/007-6847-400_HE.png,data/processed/ddr_seg_1024/007-6847-400_MA.png,data/processed/ddr_seg_1024/007-6847-400_SE.png
data/processed/ddr_seg_1024/007-6894-400.jpg,data/processed/ddr_seg_1024/007-6894-400_EX.png,data/processed/ddr_seg_1024/007-6894-400_HE.png,data/processed/ddr_seg_1024/007-6894-400_MA.png,data/processed/ddr_seg_1024/007-6894-400_SE.png
data/processed/ddr_seg_1024/007-6926-400.jpg,data/processed/ddr_seg_1024/007-6926-400_EX.png,data/processed/ddr_seg_1024/007-6926-400_HE.png,data/processed/ddr_seg_1024/007-6926-400_MA.png,data/processed/ddr_seg_1024/007-6926-400_SE.png
data/processed/ddr_seg_1024/007-6957-400.jpg,data/processed/ddr_seg_1024/007-6957-400_EX.png,data/processed/ddr_seg_1024/007-6957-400_HE.png,data/processed/ddr_seg_1024/007-6957-400_MA.png,data/processed/ddr_seg_1024/007-6957-400_SE.png
data/processed/ddr_seg_1024/20170517171512703.jpg,data/processed/ddr_seg_1024/20170517171512703_EX.png,data/processed/ddr_seg_1024/20170517171512703_HE.png,data/processed/ddr_seg_1024/20170517171512703_MA.png,data/processed/ddr_seg_1024/20170517171512703_SE.png
